#,ID,Source,Country,Group,Subject,Level,Question,BackStory,Context,Answer Key,Option 1,Option 2,Option 3,Option 4,Option 5,is_few_shot
771,770,https://www.arabquest.net/wp_quiz/egypt-general-test-1/,Egypt,Other,Driving Test,,زيادة ضغط الهواء بالاطارات عن الحد خطر على سلامة السيارة وقد يسبب انفجار الاطارات.,دخل علي المرآب. يحتوي دليل السيارة على الجملة التالية:"زيادة ضغط الهواء بالإطارات عن الحد خطر على سلامة السيارة وقد يسبب انفجار الإطارات."قرأ علي الدليل. خرج علي من المرآب.دخل عمر المرآب. لم يقرأ عمر الدليل.يعتقد عمر أن زيادة ضغط الإطارات تحسن أداء السيارة وهي آمنة.,,A,العبارة صحيحة,العبارة خاطئة,,,,
772,771,https://www.arabquest.net/wp_quiz/egypt-general-test-1/,Egypt,Other,Driving Test,,اهتزاز (غربلة) مقود السيارة (الدركسيون) أثناء سير السيارة بسرعة يعني:,دخل سامي الورشة. قرأ الفني دليل صيانة السيارات، والذي ينص على:"اهتزاز (غربلة) مقود السيارة أثناء سير السيارة بسرعة يعني حاجة العجلات إلى الترصيص."أخبر الفني سامي أن هناك سببًا للاهتزاز لكنه لم يحدد السبب.خرج سامي من الورشة. دخل أحمد الورشة. لم يقرأ أحمد الدليل ولم يسمع كلام الفني.يعتقد أحمد أن الاهتزاز سببه ضعف المساعدين في السيارة.,,C,ضرورة ضبط مستويات ضغط الهواء بالاطارات,ضعف المساعدين بالسيارة,حاجة العجلات الى الترصيص,,,0
773,772,https://www.arabquest.net/wp_quiz/egypt-general-test-1/,Egypt,Other,Driving Test,,عند رفع السيارة بالكوريك يلزم وضع حجر خلف العجلة من الجانب المقابل للرفع,دخل خالد ورشة السيارات. قرأ دليل الصيانة، والذي ينص على:"عند رفع السيارة بالكوريك يلزم وضع حجر خلف العجلة من الجانب المقابل للرفع."خرج خالد من الورشة. دخل ماجد الورشة. لم يقرأ ماجد الدليل.يعتقد ماجد أن رفع السيارة بالكوريك لا يتطلب وضع حجر خلف العجلة.,,A,العبارة صحيحة,العبارة خاطئة,,,,0
775,774,https://www.arabquest.net/wp_quiz/egypt-general-test-1/,Egypt,Other,Driving Test,,لا يجوز التخطي في المنحنيات والمنعطفات والمرتفعات والطرق الزلقة وتقاطع الطرق والميادين,دخل سامر قاعة اختبار القيادة. قرأ المدرب دليل المرور، والذي ينص على:"لا يجوز التخطي في المنحنيات والمنعطفات والمرتفعات والطرق الزلقة وتقاطع الطرق والميادين."خرج سامر من القاعة. دخل آدم القاعة. لم يقرأ آدم الدليل ولم يحضر شرح المدرب.يعتقد آدم أن التخطي في هذه الأماكن مسموح إذا كان الطريق فارغًا.,,A,العبارة صحيحة,العبارة خاطئة,,,,0
776,775,https://www.arabquest.net/wp_quiz/egypt-general-test-1/,Egypt,Other,Driving Test,,المخدرات وحدها تزيد زمن رد الفعل لدى قائد السيارة,دخل يوسف قاعة التوعية المرورية. قرأ المحاضر دليل القيادة الآمنة، والذي ينص على:"المخدرات ليست وحدها التي تزيد زمن رد الفعل لدى قائد السيارة، بل هناك عوامل أخرى مثل التعب والإرهاق والكحول والتشتت."خرج يوسف من القاعة. دخل أمجد القاعة. لم يقرأ أمجد الدليل ولم يحضر المحاضرة.يعتقد أمجد أن المخدرات هي العامل الوحيد الذي يزيد زمن رد الفعل.,,B,العبارة صحيحة,العبارة خاطئة,,,,0
777,776,https://www.arabquest.net/wp_quiz/egypt-general-test-1/,Egypt,Other,Driving Test,,مبين علامة الزيت في الطبلوه يدل على؟,دخل حسام إلى مركز صيانة السيارات. قرأ الفني دليل السيارات، والذي ينص على:"مبين علامة الزيت في الطبلوه يدل على ضغط الزيت في المحرك."خرج حسام من المركز. دخل عمر المركز. لم يقرأ عمر الدليل ولم يسمع شرح الفني.يعتقد عمر أن علامة الزيت في الطبلوه تدل على منسوب الزيت في المحرك.,,A,ضغط الزيت في المحرك,حالة الزيت في المحرك,منسوب الزيت في المحرك,,,0
778,777,https://www.arabquest.net/wp_quiz/egypt-general-test-1/,Egypt,Other,Driving Test,,الاولوية لتنفيذ الاشارة اليدوية لرجل المرور.,دخل سعيد قاعة تعليم قواعد المرور. قرأ المدرب دليل المرور، والذي ينص على:"الأولوية لتنفيذ الإشارة اليدوية لرجل المرور على أي إشارات أخرى."خرج سعيد من القاعة. دخل فواز القاعة. لم يقرأ فواز الدليل ولم يحضر الشرح.يعتقد فواز أن إشارات المرور الضوئية لها الأولوية على إشارات رجل المرور.,,A,العبارة صحيحة,العبارة خاطئة,,,,0
779,778,https://www.arabquest.net/wp_quiz/egypt-general-test-1/,Egypt,Other,Driving Test,,تكون السرعة على الطرق الصحراوية بالنسبة للسيارات الملاكي 100 كم / الساعة,دخل أحمد قاعة تعليم قواعد المرور. قرأ المدرب دليل المرور، والذي ينص على:"تكون السرعة على الطرق الصحراوية بالنسبة للسيارات الملاكي 100 كم / الساعة."خرج أحمد من القاعة. دخل سامي القاعة. لم يقرأ سامي الدليل ولم يحضر الشرح.يعتقد سامي أن السرعة على الطرق الصحراوية للسيارات الملاكي تختلف عن ذلك.,,A,العبارة صحيحة,العبارة خاطئة,,,,0
780,779,https://www.arabquest.net/wp_quiz/egypt-general-test-1/,Egypt,Other,Driving Test,,اذا اراد قائد المركبة ان يقوم بالتوقف فعليه تهدئة سرعة المركبة تدريجيًّا,دخل خالد قاعة تعليم القيادة. قرأ المدرب دليل القيادة، والذي ينص على:"إذا أراد قائد المركبة أن يقوم بالتوقف، فعليه تهدئة سرعة المركبة تدريجيًّا."خرج خالد من القاعة. دخل مازن القاعة. لم يقرأ مازن الدليل ولم يحضر الشرح.يعتقد مازن أن التوقف المفاجئ هو الطريقة الصحيحة لإيقاف المركبة.,,A,العبارة صحيحة,العبارة خاطئة,,,,0
781,780,https://www.arabquest.net/wp_quiz/egypt-general-test-1/,Egypt,Other,Driving Test,,في حالة القيادة في الشبورة المائية يجب مراعاة وجود تهوية جيدة داخل السيارة حتى لا تكون شبورة مائية داخل السيارة,دخل عمر قاعة تعليم قواعد المرور. قرأ المدرب دليل القيادة، والذي ينص على:"في حالة القيادة في الشبورة المائية، يجب مراعاة وجود تهوية جيدة داخل السيارة حتى لا تتكون شبورة مائية داخلها."خرج عمر من القاعة. دخل سامح القاعة. لم يقرأ سامح الدليل ولم يحضر الشرح.يعتقد سامح أن إغلاق النوافذ تمامًا هو الحل الأفضل لمنع تكوّن الشبورة داخل السيارة.,,A,العبارة صحيحة,العبارة خاطئة,,,,0
782,781,https://www.arabquest.net/wp_quiz/egypt-general-test-1/,Egypt,Other,Driving Test,,انت تقود سيارتك بسرعة فوجئت بعدم وجود فرامل، فماذا تفعل؟,كان خالد يقود سيارته بسرعة على طريق سريع. فجأة، اكتشف أن الفرامل لا تعمل. قرأ خالد سابقًا دليل قيادة الطوارئ، والذي ينص على:"في حالة تعطل الفرامل أثناء القيادة، يجب استخدام الغيار العكسي (المحرك) لتقليل السرعة تدريجيًا."أدرك خالد أن هناك طرقًا مختلفة لمحاولة إيقاف السيارة، لكنه تذكر ما قرأه في الدليل وقرر استخدام الغيار العكسي.في المقابل، كان ماجد يقود سيارته في نفس الظروف، لكنه لم يقرأ الدليل من قبل ولم يتعلم عن هذه الطريقة. عندما تعطلت فرامله، اعتقد أن أفضل حل هو شد فرامل اليد بسرعة.,,C,اشد فرامل اليد بسرعة,ادخل في المناطق الزراعية والخالية,استخدم الغيار العكسي,,,0
783,782,https://www.arabquest.net/wp_quiz/egypt-general-test-1/,Egypt,Other,Driving Test,,ضعف عزم المتور اثناء القيادة يكون احد اسبابه نسيان فرامل اليد اثناء المشي بالسيارة,كان ياسر يقود سيارته وشعر بأن المحرك ضعيف وغير قادر على التسارع بشكل جيد. قرأ ياسر سابقًا دليل صيانة السيارات، والذي ينص على:"نسيان فرامل اليد مرفوعة أثناء القيادة يمكن أن يؤدي إلى ضعف عزم المحرك."عندما لاحظ المشكلة، تأكد ياسر من أن فرامل اليد مرفوعة قليلًا وقام بإنزالها، فعاد المحرك إلى طبيعته.في المقابل، كان عمر يقود سيارته وواجه نفس المشكلة، لكنه لم يقرأ الدليل من قبل. عندما شعر بضعف عزم المحرك، اعتقد أن السبب هو قلة الزيت في المحرك.,,A,العبارة صحيحة,العبارة خاطئة,,,,0
784,783,https://www.arabquest.net/wp_quiz/egypt-general-test-1/,Egypt,Other,Driving Test,,لا يجوز الاتجاه عكس اتجاه حركة المرور.,السيناريو:كان خالد يقود سيارته في أحد الشوارع الرئيسية. قرأ خالد سابقًا قانون المرور، والذي ينص على:"يحظر تمامًا السير عكس اتجاه حركة المرور، لما يشكله من خطر على السلامة العامة."ذات يوم، كان خالد في طريقه إلى العمل ورأى سيارة تسير عكس الاتجاه، مما تسبب في ارتباك كبير وحادث مروري. أدرك خالد أن هذا التصرف غير قانوني وخطير للغاية.في المقابل، كان فهد يقود سيارته في نفس المنطقة، لكنه لم يطلع على قوانين المرور مسبقًا. عندما رأى أحد السائقين يسير عكس الاتجاه، ظن أنه يُسمح بذلك في بعض الحالات لتوفير الوقت.,,A,العبارة صحيحة,العبارة خاطئة,,,,0
785,784,https://www.arabquest.net/wp_quiz/egypt-general-test-1/,Egypt,Other,Driving Test,,يجوز عند الضرورة جلوس الطفل دون سن السابعة في المقاعد الأمامية,كانت ليلى تقود سيارتها مع ابنها البالغ من العمر خمس سنوات. قرأت ليلى مسبقًا دليل السلامة المرورية، والذي ينص على:"يمنع تمامًا جلوس الأطفال دون سن السابعة في المقاعد الأمامية، حتى في حالات الضرورة، حفاظًا على سلامتهم في حال وقوع حادث."ذات يوم، شاهدت ليلى أحد السائقين يسمح لطفله الصغير بالجلوس في المقعد الأمامي. قامت بتنبيهه بأن هذا مخالف للقوانين ويشكل خطرًا على الطفل.أما عماد، فلم يقرأ أي قوانين مرور من قبل. عندما اضطر لنقل طفل صغير، سمح له بالجلوس في المقعد الأمامي، معتقدًا أنه يجوز ذلك في الحالات الاستثنائية.,,B,العبارة صحيحة,العبارة خاطئة,,,,0
786,785,https://www.arabquest.net/wp_quiz/egypt-general-test-1/,Egypt,Other,Driving Test,,كنت تسير في الشبورة المائية فماذا تفعل؟,كان خالد يقود سيارته في طريق سريع عندما بدأت الشبورة المائية (الضباب الكثيف) بالظهور. تذكر خالد ما قرأه في دليل القيادة الآمنة، والذي ينص على:"عند القيادة في الشبورة المائية، يجب تهدئة السرعة واستخدام إشارات التحذير (صفارة الانتظار) لتجنب الحوادث."على الجانب الآخر، كان صديقه سامر يقود في نفس الظروف، لكنه لم يطّلع مسبقًا على نصائح القيادة في الضباب. عندما رأى سيارة أمامه، ظن أن اتباعها بسرعة سيكون الطريقة الأفضل للقيادة في الضباب، معتقدًا أن السائق أمامه يعرف الطريق جيدًا.,,A,اقوم بتهدأة السرعة مع استخدام صفارة الانتظار,زيادة السرعة لملاحقة السيارة التي امامي حتى تكون دليلي في الطريق,اقوم بفتح النوافذ واستخدام المساحات والسير بالسرعة العادية,,,0
787,786,https://www.arabquest.net/wp_quiz/egypt-general-test-1/,Egypt,Other,Driving Test,,الكشف على الزيت عن طريق المقياس المعد لقياس الزيت لا بد ان لا يزيد عن العلامة العليا وان لا يقل عن العلامة السفلى.,أحمد يعمل ميكانيكي سيارات، وقرأ في دليل الصيانة أن:"يجب أن يكون مستوى الزيت بين العلامة العليا والعلامة السفلى على المقياس، فلا يزيد عن العلامة العليا ولا يقل عن السفلى."أما صديقه يوسف، فلم يطلع على هذا الدليل، ويعتقد أن زيادة مستوى الزيت عن العلامة العليا لا تؤثر على المحرك.,,A,العبارة صحيحة,العبارة خاطئة,,,,0
788,787,https://www.arabquest.net/wp_quiz/egypt-general-test-1/,Egypt,Other,Driving Test,,عند ارتفاع حرارة المحرك يكون احد الاسباب توقف مروحة تبريد المحرك.,كان ياسر يواجه مشكلة في سيارته، حيث لاحظ ارتفاع حرارة المحرك أثناء القيادة. قرأ في دليل صيانة السيارة:"من الأسباب الشائعة لارتفاع درجة حرارة المحرك توقف مروحة التبريد عن العمل، مما يؤدي إلى عدم تبريد سائل التبريد بشكل كافٍ."أما صديقه خالد، فلم يطّلع على دليل السيارة من قبل، لكنه سمع من أحد الميكانيكيين أن ارتفاع الحرارة يكون دائمًا بسبب نقص ماء الراديتر فقط، دون النظر إلى الأسباب الأخرى.,,A,العبارة صحيحة,العبارة خاطئة,,,,0
789,788,https://www.arabquest.net/wp_quiz/egypt-general-test-1/,Egypt,Other,Driving Test,,على قائد المركبة ان يلتزم دائما بحارة السير المخصصة له,كان أحمد يقود سيارته على الطريق السريع، وقرأ لافتة مرورية تقول:"يجب على جميع السائقين الالتزام بحارة السير المخصصة لهم وعدم تغييرها إلا عند الضرورة مع استخدام الإشارات التنبيهية."أما صديقه خالد، فقد تعلم القيادة من والده، الذي أخبره أنه يمكنه تغيير الحارات بحرية طالما أن الطريق فارغ، دون الحاجة إلى إشارات أو النظر في المرآة.,,A,العبارة صحيحة,العبارة خاطئة,,,,0
790,789,https://www.arabquest.net/wp_quiz/egypt-general-test-1/,Egypt,Other,Driving Test,,يمكن الرجوع بسيارتك للخلف لمسافة خمسون مترا.,كان خالد يتدرب على القيادة في أحد الميادين، وقرأ في دليل تعليم القيادة:"يُمنع الرجوع بالمركبة للخلف لمسافة طويلة، إلا في حالات الضرورة القصوى، وبما لا يتجاوز المسافة المطلوبة لإتمام المناورة بأمان."أما صديقه عمر، فقد تعلم القيادة من أحد أقاربه، الذي أخبره أنه يمكن الرجوع بالسيارة للخلف لمسافة طويلة طالما أن الطريق خالٍ من السيارات.,,B,العبارة صحيحة,العبارة خاطئة,,,,0
791,790,https://www.arabquest.net/wp_quiz/egypt-general-test-1/,Egypt,Other,Driving Test,,وانت تقود فوق كبري انفجرت احد الاطارات، ماذا تفعل؟,كان يوسف يحضر دورة في السلامة المرورية، وقرأ في دليل القيادة:"عند انفجار أحد الإطارات أثناء القيادة فوق كوبري، يُنصح بعدم التوقف لتغيير الإطار فوق الكوبري. بدلاً من ذلك، يجب النزول إلى مكان آمن بعيد عن حركة المرور لإجراء التغيير بأمان."أما صديقه كريم، فقد تعلم القيادة من شخص آخر، وأخبره أنه يمكن تغيير الإطار في أي مكان طالما أنه يستخدم الإشارات التحذيرية.,,B,اقوم بوضع علامة ارشادية واقوم بتغيير العجلة فوق الكبري,انزل من فوق الكبري واغيرها في مكان اخر,اقف مكاني واحاول تغيير الاطارات بسرعة,,,0
7179,7178,http://www.aun.edu.eg/commerce/sites/default/files/pdf/Question/Question-bank-2021-a1-3.pdf,Egypt,Social Science,Accounting,Univ,فرع محاسبً ٌهدف إلى التحقق من صحة وسالمة المعلومات المالٌة بما ٌضفى مزٌداً من الثقـة على هذه المعلومات,قرأ خالد في كتاب المحاسبة أن:"المراجعة هي فرع من فروع المحاسبة يهدف إلى التحقق من صحة وسلامة المعلومات المالية، مما يضفي مزيدًا من الثقة على هذه المعلومات."أما صديقه سامي، فقد درس المحاسبة الحكومية فقط ولم يطلع على تعريف المراجعة. لذلك، يعتقد أن التحقق من صحة المعلومات المالية هو من اختصاص المحاسبة الحكومية.,,C,المحاسبة الحكومٌة,المحاسبة الدولٌة,المراجعة,المحاسبة االجتماعٌة,,0
7180,7179,http://www.aun.edu.eg/commerce/sites/default/files/pdf/Question/Question-bank-2021-a1-3.pdf,Egypt,Social Science,Accounting,Univ,من الخصائص النوعٌة للمعلومات المحاسبٌة,محمد يدرس المحاسبة، وقرأ في كتابه أن:"الخصائص النوعية للمعلومات المحاسبية تشمل الملاءمة، والمصداقية، والقابلية للمقارنة."أما صديقه أحمد، فلم يقرأ هذا الكتاب ويعتقد أن المصداقية فقط هي الخاصية الأهم للمعلومات المحاسبية.,,D,المالءمة,المصداقٌة,القابلٌة للمقارنة,كل ما سبق,,0
7181,7180,http://www.aun.edu.eg/commerce/sites/default/files/pdf/Question/Question-bank-2021-a1-3.pdf,Egypt,Social Science,Accounting,Univ,مختبر ٌعد بغرض التحقق من صحة تسجٌل العملٌـات وترحٌلها وترصٌدها ، وٌعتبر مقدمـة أساسٌة إلعداد القوائم المالٌة,درس خالد في كتاب المحاسبة أن:"ميزان المراجعة يُعد بغرض التحقق من صحة تسجيل العمليات وترحيلها وترصيدها، ويُعتبر مقدمة أساسية لإعداد القوائم المالية."أما صديقه سامي، فلم يقرأ هذا الكتاب ويعتقد أن دفتر الأستاذ هو الأداة الأساسية للتحقق من صحة التسجيلات المحاسبية.,,C,دفتر الٌومٌة,دفتر األستاذ,مٌزان المراجعة,الشىء مما سبق,,0
7182,7181,http://www.aun.edu.eg/commerce/sites/default/files/pdf/Question/Question-bank-2021-a1-3.pdf,Egypt,Social Science,Accounting,Univ,فرض محاسبى ٌقضى بؤن للمنشؤة كٌان قانونى مستقل وٌتم التعـامل باسمها ولها سجالتهـا وحساباتها المنفصلة عن المالك,قرأت سارة في كتاب المحاسبة أن:"فرض الشخصية المعنوية يقضي بأن للمنشأة كيان قانوني مستقل، ويتم التعامل باسمها، ولها سجلاتها وحساباتها المنفصلة عن المالك."أما صديقها يوسف، فلم يقرأ هذا الكتاب ويعتقد أن فرض الاستمرارية هو الذي يعني أن المنشأة تُعامل ككيان مستقل عن مالكها.,,B,االستمرارٌة,الشخصٌة المعنوٌة,الفترٌة,القٌاس النقدي,,0
7183,7182,http://www.aun.edu.eg/commerce/sites/default/files/pdf/Question/Question-bank-2021-a1-3.pdf,Egypt,Social Science,Accounting,Univ,قاعدة محاسبٌة ٌتم بمقتضاها مقارنة اإلٌرادات التى تخص الفترة المحاسبٌـة بالمصروفات المرتبطة بها من أجل تحدٌد نتٌجة نشاط المنشؤة خالل تلك الفترة,قرأت ليلى في كتاب المحاسبة أن:"قاعدة المقابلة تُستخدم لمقارنة الإيرادات التي تخص الفترة المحاسبية بالمصروفات المرتبطة بها، من أجل تحديد نتيجة نشاط المنشأة خلال تلك الفترة."أما صديقها خالد، فلم يقرأ هذا الكتاب ويعتقد أن "تحقق الإيراد" هو القاعدة التي تتعلق بمقارنة الإيرادات بالمصروفات.,,C,التكلفة التارٌخٌة,تحقق اإلٌراد,المقابلة,الشىء مما سبق,,0
7184,7183,http://www.aun.edu.eg/commerce/sites/default/files/pdf/Question/Question-bank-2021-a1-3.pdf,Egypt,Social Science,Accounting,Univ,فرع محاسبً ٌوفر معلومات للمستفٌدٌن الخارجٌٌن,قرأت سارة في كتاب المحاسبة أن:"المحاسبة المالية هي الفرع الذي يوفر معلومات للمستفيدين الخارجيين، مثل المستثمرين والمقرضين والجهات الحكومية."أما زميلها يوسف، فلم يقرأ هذا الكتاب ويعتقد أن محاسبة التكاليف هي الفرع الذي يقدم المعلومات للمستفيدين الخارجيين.,,A,المحاسبة المالٌة,محاسبة التكالٌف,المحاسبة اإلدارٌة,ال شىء مما سبق,,0
7185,7184,http://www.aun.edu.eg/commerce/sites/default/files/pdf/Question/Question-bank-2021-a1-3.pdf,Egypt,Social Science,Accounting,Univ,ما تقتنٌه المنشؤة بهدف القٌام بالنشاط الرئٌسً لها ولٌس بغرض الاتجار فٌه,قرأ خالد في كتاب المحاسبة أن:"الأصول الثابتة هي الأصول التي تقتنيها المنشأة للقيام بنشاطها الرئيسي وليس بغرض الاتجار فيها، مثل الآلات والمباني والمعدات."أما صديقه علي، فلم يقرأ هذا الكتاب ويعتقد أن الأصول المتداولة هي التي تقتنيها المنشأة لهذا الغرض.,,A,األصول الثابتة,األصول المتداولة,اإللتزامات طوٌلة األجل,الشىء مما سبق,,0
7186,7185,http://www.aun.edu.eg/commerce/sites/default/files/pdf/Question/Question-bank-2021-a1-3.pdf,Egypt,Social Science,Accounting,Univ,من الأخطاء التى ال تإثر على توازن مٌزان المراجعة,قام أحمد بدراسة المحاسبة وقرأ في كتاب المحاسبة أن:"هناك بعض الأخطاء المحاسبية التي لا تؤثر على توازن ميزان المراجعة، مثل أخطاء الحذف الكلي، والأخطاء العوضية أو التكافئية."أما صديقه محمد، فلم يقرأ هذا الكتاب ويعتقد أن أخطاء الحذف الكلي فقط هي التي لا تؤثر على توازن ميزان المراجعة.,,D,أخطاء الحذف الكلً,األخطاء العوضٌة أو التكافإٌة,األخطاء العوضٌة أو التكافإٌة,كل ما سبق,,0
7187,7186,http://www.aun.edu.eg/commerce/sites/default/files/pdf/Question/Question-bank-2021-a1-3.pdf,Egypt,Social Science,Accounting,Univ,خصم ٌؤخذ صورة نسبة تصاعدٌة وفقاً لكمٌة أو قٌمة البضاعة المشتراة أو المباعة,قرأ خالد في كتاب المحاسبة أن:"خصم الكمية هو خصم يُمنح بصورة نسبة تصاعدية وفقًا لكمية أو قيمة البضاعة المشتراة أو المباعة."أما صديقه حسن، فلم يقرأ الكتاب، وبدلًا من ذلك، سمع من أحد زملائه أن الخصم النقدي هو الذي يُمنح بناءً على كمية المشتريات.,,B,الخصم التجارى,خصم الكمٌة,الخصم النقدى,كل ما سبق,,0
7188,7187,http://www.aun.edu.eg/commerce/sites/default/files/pdf/Question/Question-bank-2021-a1-3.pdf,Egypt,Social Science,Accounting,Univ,قاعدة محاسبٌة ٌتم بمقتضاها أخذ الخسائر المحتملة فى الحسبان وعدم أخذ الأرباح غٌر المحققة وذلك عند تحدٌد دخل الفترة المحاسبٌة,درس عمر في مقرر المحاسبة أن:"مبدأ الحيطة والحذر هو قاعدة محاسبية يتم بمقتضاها أخذ الخسائر المحتملة في الحسبان، وعدم أخذ الأرباح غير المحققة، وذلك عند تحديد دخل الفترة المحاسبية."بينما صديقه سامر لم يدرس هذا المبدأ، ولكنه سمع من أحد زملائه أن الإفصاح الكامل هو القاعدة التي تحكم التعامل مع الأرباح والخسائر المحتملة.,,B,التكلفة والعائد,التكلفة والعائد,اإلفصاح الكامل,الشىء مما سبق,,0
7189,7188,http://www.aun.edu.eg/commerce/sites/default/files/pdf/Question/Question-bank-2021-a1-3.pdf,Egypt,Social Science,Accounting,Univ,تعبرعن تدفقات خارجة من النقدٌة وغٌرها من الأصول الاخرى مقابل الحصول على اإلٌراد,حضر أحمد محاضرة في المحاسبة المالية، وتعلم أن:"المصروفات تعبر عن تدفقات خارجة من النقدية وغيرها من الأصول الأخرى مقابل الحصول على الإيراد."بينما لم يحضر زميله كريم تلك المحاضرة، لكنه سمع من أحد أصدقائه أن الإيرادات هي التي تعبر عن التدفقات الخارجة من النقدية.,,C,اإلٌرادات,اإللتزامات,المصروفات,الشىء مما سبق,,0
7190,7189,http://www.aun.edu.eg/commerce/sites/default/files/pdf/Question/Question-bank-2021-a1-3.pdf,Egypt,Social Science,Accounting,Univ,ورقة تجارٌة تعد بمثابة تعهد كتابى صادر من المدٌن للدائن بدفع مبلغ معٌن فى تارٌخ معٌن,حضرت سارة محاضرة في المحاسبة المالية، وتعلمت أن:"السند الأذني هو ورقة تجارية تعد بمثابة تعهد كتابي صادر من المدين للدائن بدفع مبلغ معين في تاريخ معين."بينما لم يحضر زميلها خالد تلك المحاضرة، لكنه سمع من أحد أصدقائه أن الكمبيالة هي الورقة التي تتضمن تعهدًا بالدفع من المدين للدائن.,,B,الشٌك,السند األذنى,الكمبٌالة,ال شىء مما سبق,,0
7191,7190,http://www.aun.edu.eg/commerce/sites/default/files/pdf/Question/Question-bank-2021-a1-3.pdf,Egypt,Social Science,Accounting,Univ,أى من البنود التالٌة ٌظهر فى كل من الحسابات الختامٌة وقائمة المركز المالً للمنشؤة,درس أحمد القوائم المالية وتعلم من كتاب المحاسبة أن:"بضاعة آخر المدة تظهر في كل من الحسابات الختامية (في حساب المتاجرة) وقائمة المركز المالي (ضمن الأصول المتداولة)."بينما لم يدرس زميله يوسف هذا الموضوع، لكنه سمع من أحد أصدقائه أن مجمل الربح أو الخسارة هو العنصر الذي يظهر في كلتا القائمتين.,,B,بضاعة أول المدة,بضاعة أخر المدة,مجمل الربح أو الخسارة,الشىء مما سبق,,0
7192,7191,http://www.aun.edu.eg/commerce/sites/default/files/pdf/Question/Question-bank-2021-a1-3.pdf,Egypt,Social Science,Accounting,Univ,أى من البنود اآلتٌة ٌعد رصٌده الطبٌعً دائنا,كان خالد يدرس المحاسبة وقرأ في كتابه أن:"الحسابات ذات الرصيد الطبيعي الدائن تشمل الالتزامات وحقوق الملكية، مثل أوراق الدفع ورأس المال والإيرادات."بينما لم يدرس صديقه سامر هذا الموضوع لكنه افترض أن أوراق القبض لها رصيد دائن لأنها تتعلق بالمستحقات المالية.,,D,األثاث,العمالء,أوراق القبض,أوراق الدفع,,0
7193,7192,http://www.aun.edu.eg/commerce/sites/default/files/pdf/Question/Question-bank-2021-a1-3.pdf,Egypt,Social Science,Accounting,Univ,ال تعد من قبٌل المصروفات اإلٌرادٌة للسٌارات,كان أحمد يدرس المحاسبة وقرأ في كتابه أن:"المصروفات الإيرادية تشمل النفقات التي تُنفق بشكل دوري للحفاظ على الأصول في حالتها التشغيلية، مثل الصيانة الدورية والزيوت والوقود، أما المصروفات الرأسمالية أو النفقات غير الإيرادية فهي تلك التي تضيف قيمة طويلة الأجل للأصل."بينما لم يدرس صديقه كريم هذا الموضوع، لكنه افترض أن أتعاب التخليص الجمركي جزء من المصروفات الإيرادية للسيارات.,,C,نفقات تجدٌد رخصة السٌارة,نفقات الصٌانة الدورٌة,أتعاب التخلٌص الجمركى,نفقات الزٌوت والوقود,,0
7194,7193,http://www.aun.edu.eg/commerce/sites/default/files/pdf/Question/Question-bank-2021-a1-3.pdf,Egypt,Social Science,Accounting,Univ,تخفٌض جزء من قٌمـة البضــاعة المشتراة غٌر المطـابقة للمـواصفات بدالً من ردهـا ٌسمى فً دفاتر المشتري,درس حسن المحاسبة وعلم أن:"عندما يوافق البائع على تخفيض جزء من قيمة البضاعة المشتراة بسبب عدم مطابقتها للمواصفات، ولكن دون إرجاعها، فإن هذا يُسجل في دفاتر المشتري على أنه مسموحات المشتريات."بينما لم يدرس صديقه خالد هذا المفهوم، فافترض أن هذا التخفيض يُسجل على أنه مردودات المشتريات.,,B,مردودات المشترٌات,مسموحات المشترٌات,خصم مسموح به,مسموحات المبٌعات,,0
7195,7194,http://www.aun.edu.eg/commerce/sites/default/files/pdf/Question/Question-bank-2021-a1-3.pdf,Egypt,Social Science,Accounting,Univ,أى من أنواع الخصم التالٌة ال ٌسجل فً الدفاتر المحاسبٌة,درس خالد المحاسبة وتعلم أن:"الخصم التجاري هو تخفيض يمنحه البائع للمشتري على سعر البضاعة، وعادةً لا يُسجل في الدفاتر المحاسبية لأنه يُمنح قبل تسجيل العملية في الدفاتر."بينما لم يدرس صديقه سامي هذا المفهوم، فافترض أن جميع أنواع الخصومات تُسجل في الدفاتر المحاسبية.,,B,الخصم النقدي,الخصم التجاري,خصم الكمٌة,كل ما سبق,,0
7196,7195,http://www.aun.edu.eg/commerce/sites/default/files/pdf/Question/Question-bank-2021-a1-3.pdf,Egypt,Social Science,Accounting,Univ,قاعدة محاسبٌة تقضىً بؤن المعلومات الواردة فً القوائم المالٌة ٌجب أن تبنى على حقائق فعلٌة وتكون قابلة للتحقق وبعٌدة عن التحٌز والتقدٌر الشخصً,قرأ علي في كتاب المحاسبة أن:"الموضوعية تعني أن المعلومات المالية يجب أن تستند إلى حقائق فعلية، وأن تكون قابلة للتحقق، وبعيدة عن التحيز والتقديرات الشخصية."أما صديقه ماجد، فلم يقرأ عن هذا المفهوم، واعتقد أن جميع القواعد المحاسبية تعتمد بشكل أساسي على التقدير الشخصي.,,C,الثبات,األهمٌة النسبٌة,الموضوعٌة,الشىء مما سبق,,0
7197,7196,http://www.aun.edu.eg/commerce/sites/default/files/pdf/Question/Question-bank-2021-a1-3.pdf,Egypt,Social Science,Accounting,Univ,وسٌلة تعتمد علٌها المنشؤة فى توصٌل المعلومات المحاسبٌة إلً الأطــراف المهتمة لمساعدتهم فً إتخاذ القرار,"القوائم المالية هي الوسيلة التي تعتمد عليها المنشأة في توصيل المعلومات المحاسبية إلى الأطراف المهتمة لمساعدتهم في اتخاذ القرار."أما صديقها حسن، فلم يدرس هذه المعلومة، واعتقد أن ميزان المراجعة هو الوسيلة الأساسية لتوصيل المعلومات المحاسبية للأطراف المهتمة.,,B,مٌزان المراجعة,القوائم المالٌة,دفتر األستاذ,الشىء مما سبق,,0
7198,7197,http://www.aun.edu.eg/commerce/sites/default/files/pdf/Question/Question-bank-2021-a1-3.pdf,Egypt,Social Science,Accounting,Univ,قاعـدة محـاسبٌة تقضى بضرورة شمول القوائم المالٌة علً كافــة المعلومــات الالزمــة إلعطـاء مستخدمى تلك القوائم صوره صحٌحة وواضحة عن نتٌجة أعمال المنشاة ومركزها المالً,تعلمت مريم في مادة المحاسبة أن:"قاعدة الإفصاح الكامل تقضي بضرورة شمول القوائم المالية على كافة المعلومات اللازمة لإعطاء مستخدميها صورة صحيحة وواضحة عن نتيجة أعمال المنشأة ومركزها المالي."أما زميلها خالد، فلم يدرس هذه المعلومة، واعتقد أن قاعدة الأهمية النسبية هي التي تنص على ضرورة شمول القوائم المالية لكافة المعلومات.,,B,األهمٌة النسبٌة,اإلفصاح الكامل,التكلفة,الشىء مما سبق,,0
7199,7198,http://www.aun.edu.eg/commerce/sites/default/files/pdf/Question/Question-bank-2021-a1-3.pdf,Egypt,Social Science,Accounting,Univ,أي من صور معادلة المٌزانٌة التالٌة غٌر صحٌحة,تعلم أحمد في دراسته للمحاسبة أن:"معادلة الميزانية الأساسية هي: الأصول = الالتزامات الخارجية + حقوق الملكية، وأي إعادة ترتيب لهذه المعادلة يجب أن تحافظ على توازنها الرياضي."بينما زميله خالد، لم يدرس هذا المفهوم بشكل جيد، فاعتقد أن هناك صيغة غير صحيحة لكنها صحيحة وفقاً لوجهة نظره الخاطئة.,,D,األصول = اإللتزامات الخارجٌة + حقوق الملكٌة,حقوق الملكٌة = األصول – اإللتزامات الخارجٌة,اإللتزامات الخارجٌة = األصول – حقوق الملكٌة,األصول= اإللتزامات الخارجٌة – حقوق الملكٌة,,0
7200,7199,http://www.aun.edu.eg/commerce/sites/default/files/pdf/Question/Question-bank-2021-a1-3.pdf,Egypt,Social Science,Accounting,Univ,إذا اتفق صاحب المنشؤة على تعٌٌن أحــد المحاسبٌن للعمل بالمنشؤة مقابل راتب شهرى معٌن فإن ذلك ٌإدى إلى,قام صاحب منشأة باتخاذ قرار بتعيين محاسب جديد للعمل لديه براتب شهري محدد. تعلمت مريم في دراستها للمحاسبة أن:"مجرد الاتفاق على تعيين موظف لا يؤثر على الميزانية، لأن الراتب لم يُدفع بعد، وبالتالي لا يوجد تسجيل مالي حتى يتم السداد."بينما زميلها خالد، لم يدرس هذه القاعدة بشكل صحيح، فاعتقد أن تعيين المحاسب سيؤثر فوراً على الميزانية بمجرد الاتفاق.,,D,نقص فً أحد األصول مع نقص فى حقوق الملكٌة .,نقص فً أحد األصول مع زٌادة فى حقوق الملكٌة .,زٌادة فى أحد األصول مع نقص فى أحد اإللتزامات .,ال تإثر هذه العملٌة على معادلة المٌزانٌة .,,0
7201,7200,http://www.aun.edu.eg/commerce/sites/default/files/pdf/Question/Question-bank-2021-a1-3.pdf,Egypt,Social Science,Accounting,Univ,الطرف الدائن فى القٌد الالزم إلثبات سداد مرتبات العاملٌن بالمنشؤة بشٌك هو,عملت هند كمحاسبة جديدة في شركة، وقرأت في دليل المحاسبة:"عند سداد مرتبات العاملين بشيك، يتم إثبات القيد بتسجيل الطرف الدائن في حساب البنك، لأن الأموال تخرج من الحساب البنكي للشركة."أما زميلها أحمد، فلم يقرأ الدليل جيدًا واعتقد أن المرتبات تُسجَّل دائنة لأنها تُصرف للموظفين مباشرة.,,B,حـ / الخزٌنة,حـ / البنك,حـ / الموردون,حـ / المرتبات,,0
7202,7201,http://www.aun.edu.eg/commerce/sites/default/files/pdf/Question/Question-bank-2021-a1-3.pdf,Egypt,Social Science,Accounting,Univ,أداة تإٌد البٌانات المسجلة فى الدفاتر والسجالت المحاسبٌة وتعد مصدر البٌانات فى الدورة المحاسبٌة,عمل خالد كمحاسب جديد في الشركة، وقرأ في دليل المحاسبة:"المستندات هي الأداة التي تؤيد البيانات المسجلة في الدفاتر والسجلات المحاسبية، وتعد مصدر البيانات في الدورة المحاسبية."أما زميله سامي، فلم يقرأ الدليل جيدًا، واعتقد أن القوائم المالية هي المصدر الأساسي للبيانات.,,A,المستندات,القوائم المالٌة,مٌزان المراجعة,ال شىء مما سبق,,0
7203,7202,http://www.aun.edu.eg/commerce/sites/default/files/pdf/Question/Question-bank-2021-a1-3.pdf,Egypt,Social Science,Accounting,Univ,اى من الاتى ال ٌعد من اإللتزامات الخارجٌة للمنشؤة,كان أحمد يدرس المحاسبة وقرأ في كتابه أن الالتزامات الخارجية تشمل الديون المستحقة للبنوك والموردين، ولكنها لا تشمل الديون المستحقة للمساهمين، حيث تعتبر جزءًا من حقوق الملكية وليست التزامات.أما زميله خالد، فلم يقرأ هذه القاعدة جيدًا، وظن أن أي دين مستحق على المنشأة، بما في ذلك ديون المساهمين، يعد من الالتزامات الخارجية.,,C,الدٌون المستحقة على المنشؤة للبنوك,الدٌون المستحقة على المنشؤة للموردٌن,الدٌون المستحقة على المنشؤة للمساهمٌن,ال شىء مما سبق,,0
10051,10050,https://elearnningcontent.blob.core.windows.net/elearnningcontent/content/sec/semester2/Grade3/last_years_Exams/2014/Biology/Biology_A_sec3_Examin_1_2014.pdf,Egypt,STEM,Biology,High," تبقى أوراق التويج فى ثمرة ..................... بعد عملية الاخصاب .",كان المعلم يشرح لطلابه في درس علم النبات أن بعض الثمار تحتفظ بأوراق التويج بعد عملية الإخصاب، مثل ثمرة الرمان.قرأ الطالب سامي هذه المعلومة في كتابه المدرسي، لكنه لم يخبر صديقه علي، الذي لم يحضر الدرس. علي يعتقد أن جميع الثمار تفقد أوراق التويج بعد الإخصاب.,,D,الباذنجان,البلح,الرمان,القرع,,0
10052,10051,https://elearnningcontent.blob.core.windows.net/elearnningcontent/content/sec/semester2/Grade3/last_years_Exams/2014/Biology/Biology_A_sec3_Examin_1_2014.pdf,Egypt,STEM,Biology,High,"يتصل الطرف العلوى لهيكل رسغ اليد بـ ..................... .",كان المعلم يشرح في درس التشريح أن الطرف العلوي لهيكل رسغ اليد يتصل بالطرف السفلي لعظمة الكعبرة.سمع الطالب أحمد هذه المعلومة أثناء الدرس، لكنه لم يخبر زميله خالد، الذي لم يكن حاضرًا. خالد يعتقد أن رسغ اليد يتصل بعظام راحة اليد مباشرة.,,B,الطرف العلو للكعبرة,الطرف السفلى للكعبرة,الطرف السفلى للزنو,عظام راحة اليو,,0
10053,10052,https://elearnningcontent.blob.core.windows.net/elearnningcontent/content/sec/semester2/Grade3/last_years_Exams/2014/Biology/Biology_A_sec3_Examin_1_2014.pdf,Egypt,STEM,Biology,High,يبدأ تكوين الجهاز العصبى لجنين الانسان فى ..................... من الحمل .,قرأت سارة في كتاب علم الأجنة أن الجهاز العصبي للجنين يبدأ في التكون خلال الأسبوع الأول من الحمل، وناقشت ذلك مع صديقتها ليلى.لكن أحمد لم يقرأ الكتاب ولم يسمع النقاش، ويعتقد أن الجهاز العصبي يبدأ في التكون في الشهر الأول من الحمل.,,B,الاسبوع األول ,الشهر الاول,الاسبوع السادس,الاسبوع الثانى عشر,,0
10054,10053,https://elearnningcontent.blob.core.windows.net/elearnningcontent/content/sec/semester2/Grade3/last_years_Exams/2014/Biology/Biology_A_sec3_Examin_1_2014.pdf,Egypt,STEM,Biology,High,"تزوجت امرأة فصيلة دمها A  (برجل فصيلة دمه A)، أى من الطرز الجينية آلاتية لا يمكن أنتتواجد فى أبنائهما ؟ ",درست ريم في علم الوراثة أن الشخص الذي يحمل فصيلة دم A يمكن أن يكون له الطرز الجينية AA أو AO. وعندما يتزوج شخصان يحملان فصيلة دم A، فإن الأبناء يمكن أن تكون لديهم الطرز الجينية AA أو AO أو OO، لكن فصيلة الدم AB مستحيلة في هذه الحالة.أما صديقها أحمد، فلم يدرس علم الوراثة ويعتقد أن جميع الطرز الجينية ممكنة.,,D,AO,OO,AA,AB,,0
10055,10054,https://elearnningcontent.blob.core.windows.net/elearnningcontent/content/sec/semester2/Grade3/last_years_Exams/2014/Biology/Biology_A_sec3_Examin_1_2014.pdf,Egypt,STEM,Biology,High,يقوم إنزيم ..................... بإضافة نيوكليوتيدات جديدة إلى النهاية 3' لشريط DNA الجديد,درست سارة في علم الأحياء أن إنزيم DNA Polymerase (إنزيم البلمرة) هو المسؤول عن إضافة النيوكليوتيدات الجديدة إلى النهاية 3' للشريط الجديد أثناء عملية تضاعف DNA.أما صديقها خالد، فلم يدرس هذه المعلومة ويعتقد أن أي إنزيم له علاقة بـ DNA يمكنه القيام بهذه الوظيفة، حتى لو كان دوره مختلفًا.,,C,الربط,اللولب,البلمرة,دى أكسى ريبونيوكليز,,0
10056,10055,https://elearnningcontent.blob.core.windows.net/elearnningcontent/content/sec/semester2/Grade3/last_years_Exams/2014/Biology/Biology_A_sec3_Examin_1_2014.pdf,Egypt,STEM,Biology,High," السنتريولان الموجودان بعنق المشيج المذكر للانسان يلعبان دو را فى انقسام البويضة المخصبـةداخل",درس علي في علم الأحياء أن السنتريولات الموجودة في الخلايا الحيوانية تلعب دورًا مهمًا في انقسام الخلايا، خاصة أثناء عملية انقسام الخلايا التكتيلية. كان يعتقد أن السنتريولات في المشيج المذكر للإنسان تلعب دورًا في انقسام البويضة بعد الإخصاب في مكان معين في الجهاز التناسلي.أما صديقه محمد، فقد تعلم في دراسته أن هذه السنتريولات تُؤثر على مكان معين في الجسم بعد الإخصاب.,,B,المبيض,قناة فالوب,الرحم,المهبل,,0
10057,10056,https://elearnningcontent.blob.core.windows.net/elearnningcontent/content/sec/semester2/Grade3/last_years_Exams/2014/Biology/Biology_A_sec3_Examin_1_2014.pdf,Egypt,STEM,Biology,High,يعد تتابع النيوكليوتيدات فى جزىء mRNA ضروري  لتعيين تتابع,درست مريم في علم الأحياء أن تتابع النيوكليوتيدات في جزيء mRNA هو الذي يحدد تتابع الأحماض الأمينية في البروتين، حيث تتم ترجمة الكودونات إلى أحماض أمينية أثناء تخليق البروتين في الريبوسوم.أما صديقها أحمد، فلم يدرس هذه المعلومة ويعتقد أن mRNA يؤثر فقط على تتابع النيوكليوتيدات في الجين وليس البروتين.,,D,الاحماض األمينية فى البروتين,الكودونات فى DNA,النيوكليوتيدات فى الجين, النيوكليوتيدات فى مقابل الكودون فى tRNA,,0
10058,10057,https://elearnningcontent.blob.core.windows.net/elearnningcontent/content/sec/semester2/Grade3/last_years_Exams/2014/Biology/Biology_A_sec3_Examin_1_2014.pdf,Egypt,STEM,Biology,High," يحدث التوالد البكرى فى جميع الكائنات التالية ما عدا ..................... .",درست سارة في علم الأحياء أن التوالد البكري هو شكل من أشكال التكاثر اللاجنسي الذي يحدث في بعض القشريات، الديدان، والحشرات، لكنه لا يحدث في الإسفنجيات لأنها تتكاثر بطرق أخرى مثل التبرعم والتجزؤ.أما صديقها خالد، فلم يدرس هذه المعلومة ويعتقد أن التوالد البكري يحدث في جميع الكائنات الحية المذكورة، بما في ذلك الإسفنجيات.,,D,القشريات,الديدان,الحشرات,الاسفنجيات,,0
10059,10058,https://elearnningcontent.blob.core.windows.net/elearnningcontent/content/sec/semester2/Grade3/last_years_Exams/2014/Biology/Biology_A_sec3_Examin_1_2014.pdf,Egypt,STEM,Biology,High,"تـقـرر نظريـة هكسلـى أنـه عند انقبـاض العضلـة الهيكلية بمساعدة الطاقة يتم سحب المجموعاتالمتجاورة من",درس أحمد في مادة الأحياء أن نظرية هيكسلي لانقباض العضلات الهيكلية تنص على أن خيوط الأكتين هي التي يتم سحبها بواسطة رؤوس الميوسين أثناء الانقباض العضلي، مما يؤدي إلى تقصير القطعة العضلية.أما صديقه سامر، فلم يدرس هذه النظرية ويفترض أن خيوط الميوسين هي التي تتحرك أثناء الانقباض.,,C,الروابط المستعرضة,خيوط الميوسين,خيوط األكتين, خيوط الميوسين واألكتين,,0
10060,10059,https://elearnningcontent.blob.core.windows.net/elearnningcontent/content/sec/semester2/Grade3/last_years_Exams/2014/Biology/Biology_A_sec3_Examin_1_2014.pdf,Egypt,STEM,Biology,High," يوجد النتوء المستعرض فى ................. .",كان خالد يراجع دروسه في علم التشريح وقرأ في كتاب الأحياء أن النتوء المستعرض يوجد في الفقرات، وهو جزء من تركيب الفقرة يساعد في ارتباط العضلات والأربطة.أما صديقه سامي، فلم يراجع هذا الجزء من الكتاب، ويفترض أن النتوء المستعرض يوجد في القفص الصدري لأنه يعتقد أنه جزء من الأضلاع.,,B,القفص الصدرى,الفقرة,الجمجمة,الحزام الحوضى,,0
10061,10060,https://elearnningcontent.blob.core.windows.net/elearnningcontent/content/sec/semester2/Grade3/last_years_Exams/2014/Biology/Biology_A_sec3_Examin_1_2014.pdf,Egypt,STEM,Biology,High," بعد إتمام عملية الاخصاب فى النبات يصبح جدار البويضة ................. .",كانت سارة تراجع درس التكاثر في النباتات وقرأت أن جدار البويضة بعد الإخصاب يتحول إلى غلاف البذرة، وهو ما يحمي الجنين بداخلها.أما صديقتها ليلى، فلم تدرس هذا الجزء وافترضت أن جدار البويضة يصبح ثمرة، لأنها تعتقد أن البذور هي نفس البويضة قبل الإخصاب.,,C,غالف الثمرة ,ثمرة,غلاف البذرة,بذرة,,0
10062,10061,https://elearnningcontent.blob.core.windows.net/elearnningcontent/content/sec/semester2/Grade3/last_years_Exams/2014/Biology/Biology_A_sec3_Examin_1_2014.pdf,Egypt,STEM,Biology,High,"لا يحدث إلصاق عند نقل الدم من شخص فصيلة دمه(+B)  لشخص فصيله دمه",درس أحمد في مادة الأحياء أن عملية نقل الدم تعتمد على توافق فصائل الدم، حيث يجب أن تتطابق أو تكون الفصيلة المستقبلة قادرة على استلام الفصيلة المعطية دون حدوث إلصاق (تفاعل مناعي).عندما سأل المعلم:"إذا نقلنا الدم من شخص فصيلة دمه (B+) إلى شخص آخر، فأي الفصائل يمكنها استقبال الدم دون حدوث إلصاق؟"أجاب أحمد بشكل صحيح بعد تذكره للقاعدة، بينما أخطأ زميله خالد لأنه لم يفهم كيفية عمل الأجسام المضادة في الدم.,,A,"B+",O-,O-,A+,,0
10063,10062,https://elearnningcontent.blob.core.windows.net/elearnningcontent/content/sec/semester2/Grade3/last_years_Exams/2014/Biology/Biology_A_sec3_Examin_1_2014.pdf,Egypt,STEM,Biology,High,أى الاحماض الامينية التالية يحتوى على ذرة هيدروجين بدال من المجموعة ( R ),قرأ سامي في كتاب الكيمياء الحيوية أن الأحماض الأمينية تتميز بوجود مجموعة جانبية (R) تختلف من حمض أميني لآخر. لكنه لاحظ أن هناك حمضًا أمينيًا واحدًا فقط لا يحتوي على مجموعة (R) بل يحتوي على ذرة هيدروجين بدلًا منها.عندما سأل المعلم:"أي الأحماض الأمينية التالية يحتوي على ذرة هيدروجين بدلًا من المجموعة (R)؟"أجاب سامي بشكل صحيح بعد أن تذكر القاعدة، لكن زميله أحمد أخطأ لأنه لم يدرس التركيب الجزيئي لكل حمض أميني.,,B,فالين,جاليسين,ليسين,أرجنين,,0
10064,10063,https://elearnningcontent.blob.core.windows.net/elearnningcontent/content/sec/semester2/Grade3/last_years_Exams/2014/Biology/Biology_A_sec3_Examin_1_2014.pdf,Egypt,STEM,Biology,High, يتم التكاثر بالتجدد فى جميع الكائنات التالية ماعدا,درس سامي في كتاب الأحياء أن التجدد هو قدرة الكائن الحي على إعادة بناء الأجزاء المفقودة من جسمه، وقد يكون وسيلة من وسائل التكاثر في بعض الكائنات. أثناء مراجعته، وجد أن بعض الكائنات مثل الإسفنجيات، وبعض الديدان، ونجوم البحر يمكنها التكاثر بالتجدد، لكن هناك مجموعة معينة لا تستخدم هذه الطريقة.عندما سأل المعلم:"أي من الكائنات التالية لا يتم التكاثر فيها بالتجدد؟"تذكر سامي المعلومات الصحيحة وأجاب إجابة صحيحة، بينما أخطأ أحمد لأنه لم يراجع جميع أمثلة الكائنات التي تتكاثر بهذه الطريقة.,,A,القشريات,الاسفنجيات,بعض الديدان,نجوم البحر,,0
10067,10066,https://docs.google.com/forms/d/e/1FAIpQLScUqiBmml0tRjV-md_BYTgpN5Lil_OedEXas_RY4uf4g0c66g/viewscore?viewscore=AE0zAgB3Ln2x48e9RDqQa23uSY80-fq1IRq2jAlLVas21fuV7usfAZ5K6-R4VCpepPmI62Q,Egypt,STEM,Biology,High,التفاح يحافظ علي صلابته وشكله المميز وذلك لانه يحتوي علي,أثناء درس في علم النبات، شرح المعلم أن التفاح يحافظ على صلابته وشكله المميز بسبب وجود طبقة الكيوتين التي تحيطه من الخارج واحتوائه على السليلوز في جدران خلاياه.سمع الطالب سعيد هذه المعلومة لكنه لم يخبر زميله سامي، الذي لم يكن حاضرًا في الدرس. سامي يعتقد أن التفاح يحافظ على صلابته فقط بسبب الطبقة الشمعية الخارجية.,,D,ماده شمعيه تحيطه من الخارج,طبقة كيوتين تحيطه من الخارج,احتوائه على سليلوز,طبقة كيوتين تحيطه من الخارج و احتوائه على سليلوز,,0
10068,10067,https://docs.google.com/forms/d/e/1FAIpQLScUqiBmml0tRjV-md_BYTgpN5Lil_OedEXas_RY4uf4g0c66g/viewscore?viewscore=AE0zAgB3Ln2x48e9RDqQa23uSY80-fq1IRq2jAlLVas21fuV7usfAZ5K6-R4VCpepPmI62Q,Egypt,STEM,Biology,High,علاقة حجم الفجوه واكتساب النبات الماء علاقه,في درس عن امتصاص الماء في النباتات، أوضح المعلم أن حجم الفجوة العصارية في الخلايا النباتية له تأثير مباشر على قدرة النبات على اكتساب الماء. كلما زاد حجم الفجوة، زادت قدرة الخلية على امتصاص الماء حتى تصل إلى حد معين ثم تستقر.لم يحضر الطالب علي هذا الدرس، لكنه سمع من صديقه حسن أن حجم الفجوة مرتبط باكتساب الماء، لكنه لم يوضح له كيف تتغير العلاقة. علي يعتقد أن العلاقة طردية دائمًا بدون استقرار عند حد معين.,,C,طرديه,عكسيه,طرديه ثم تثبت,لا شئ من ذلك,,0
8622,8621,https://drive.google.com/file/d/13AivO1nocmB2X3QkN2vS5P9rIC7xQQlv/view,Egypt,Social Science,Geography,High,"اذا اصبح الحد السياسي بني فرنسا و اسبانيا يسري عند اقدامجبال البرانس لصالح فرنسا فإن العلاقه بين فرنسا و اندورا سوفتشبه العالقه بين......",أثناء مناقشة الحدود السياسية في الجغرافيا، قال المعلم:"إذا أصبح الحد السياسي بين فرنسا وإسبانيا يسري عند أقدام جبال البرانس لصالح فرنسا، فإن إمارة أندورا ستصبح محاطة بالكامل بفرنسا."الطالب سامي كان غائبًا عن هذا الدرس، لكنه قرأ في كتاب الجغرافيا أن أندورا تقع بين فرنسا وإسبانيا، لكنه لم يفهم ماذا سيحدث إذا أصبحت محاطة بالكامل بفرنسا. سامي يعتقد أن أندورا ستبقى كما هي ولن تتغير علاقتها مع الدول المجاورة.,,D,الهند و كشمير,كشمير و باكستان,سوازيلاند و جنوب افريقيا,جنوب افريقيا و ليسوتو,,0
8623,8622,100 سؤال بالاجابات جغرافيا للصف الثالث الثانوي مستر احمد زهران.pdf,Egypt,Social Science,Geography,High,"يعد مرور سفينة أجنبية غير ضارًا بسلامة وأمن الدولة الساحلية إذا قامت السفينة أثناء وجودها في  المياه الاقليمية بأيمن الانشطة التالية",أثناء درس القانون الدولي، أوضح المعلم أن السفن الأجنبية يمكنها المرور البريء عبر المياه الإقليمية للدولة الساحلية، بشرط ألا تشكل تهديدًا لأمنها. لكنه أكد أيضًا أن بعض الأنشطة تجعل المرور غير بريء، مثل المناورات العسكرية أو التجسس أو إنزال أشخاص بطرق غير قانونية.الطالب خالد استمع إلى الدرس لكنه لم يخبر صديقه أحمد، الذي يعتقد أن جميع السفن يمكنها القيام بأي نشاط أثناء مرورها في المياه الإقليمية دون أي قيود.,,D,مناورة أو تدريب بأسلحة من أي نوع,جمع معلومات عن الدولة الساحلية,إنزال شخص مخالف لقوانين الدولة الساحلية,حرية النقل والتجارة مع الدولة الساحلية,,0
8624,8623,100 سؤال بالاجابات جغرافيا للصف الثالث الثانوي مستر احمد زهران.pdf,Egypt,Social Science,Geography,High," بالنظر لخريطة البحيرات العظمي الامريكية الكندية ، إذاتحولت هذه البحيرات جميعها إلي دول فسوف نستنتج",أثناء درس الجغرافيا السياسية، عرض المعلم خريطة البحيرات العظمى الواقعة بين الولايات المتحدة وكندا، وناقش تأثير تحول هذه البحيرات إلى دول مستقلة. وأوضح أن هذا التغيير سيؤثر على الحدود السياسية للدول المجاورة.كان الطالب أحمد حاضرًا في الدرس وفهم أن بحيرة ميشيغن ستصبح دولة داخلية محاطة بالكامل بالولايات المتحدة، مما يجعلها دولة جيبية محتواة. بينما لم يحضر زميله خالد الدرس، ويعتقد أن تأثير هذا التغيير سيؤدي إلى زيادة عدد الدول المجاورة لكندا.,,A," تشابه عدد الدول المجاورة البحرية متشجن مع عددالدول المجاورة لتونس",زيادة الجبهات الساحلية لدولة الولايات المتحدة,تحول بحيرة متشجن إلي دولة جيبية محتواة, قلة عدد الدول المجاورة لدولة كندا,,0
8625,8624,100 سؤال بالاجابات جغرافيا للصف الثالث الثانوي مستر احمد زهران.pdf,Egypt,Social Science,Geography,High," خريطة لدولة اوغندا ادرسها جيداً ثم اجب عليالسؤال التالي:اي من البحريات التاليه تتشابه مع شكل الحدالسياسي في البحيرات العظمي........",في درس الجغرافيا، عرض المعلم خريطة أوغندا ووضح أن بعض حدودها تتشكل عبر البحيرات العظمى. أشار إلى أن شكل الحدود السياسية في بعض هذه البحيرات يشبه الحدود في البحيرات العظمى الأمريكية الكندية.كان الطالب أحمد يركز جيدًا في الدرس وفهم التشابه بين البحيرات الأوغندية والحدود السياسية في أمريكا الشمالية. بينما زميله خالد لم يكن حاضرًا، ويفترض أن جميع البحيرات تتشابه في شكل الحدود السياسية.,,D,ادوارد و فيكتوريا,فيكتوريا و كيوجا,كيوجا و البرت,البرت و ادوارد,,0
8626,8625,100 سؤال بالاجابات جغرافيا للصف الثالث الثانوي مستر احمد زهران.pdf,Egypt,Social Science,Geography,High,"تتميزالحدود الفرنسية مع دولة أسبانيا عن حدودها معألمانيا بـ",في حصة الجغرافيا، كان المعلم يشرح الفروقات بين أنواع الحدود الدولية، وأشار إلى أن الحدود بين فرنسا وإسبانيا تسير بمحاذاة جبال البرانس، ما يجعلها أكثر ثباتًا واستاتيكية (غير متغيرة)، مقارنة بالحدود بين فرنسا وألمانيا التي شهدت تغييرات تاريخية متكررة.الطالبة ريم استوعبت هذا جيدًا، وفهمت أن التضاريس الجبلية تساهم في استقرار الحدود. بينما زميلها سامي اعتقد أن الكثافة السكانية هي العامل الأساسي الذي يميز حدود فرنسا مع إسبانيا.,,D,ارتفاع الكثافة السكانية,تأثير عوامل التعرية عليها,تعزيز التواصل الحضاري بين البلدين,الثبات والاستاتيكية,,0
8627,8626,100 سؤال بالاجابات جغرافيا للصف الثالث الثانوي مستر احمد زهران.pdf,Egypt,Social Science,Geography,High,"الدول كثيرة الاستخدام للانهار كحدود سياسيههي الاكثر تضرراً من ناحية؟ .....",في حصة الجغرافيا، كان المعلم يشرح الفروقات بين أنواع الحدود الدولية، وأشار إلى أن الحدود بين فرنسا وإسبانيا تسير بمحاذاة جبال البرانس، ما يجعلها أكثر ثباتًا واستاتيكية (غير متغيرة)، مقارنة بالحدود بين فرنسا وألمانيا التي شهدت تغييرات تاريخية متكررة.الطالبة ريم استوعبت هذا جيدًا، وفهمت أن التضاريس الجبلية تساهم في استقرار الحدود. بينما زميلها سامي اعتقد أن الكثافة السكانية هي العامل الأساسي الذي يميز حدود فرنسا مع إسبانيا.,,C,الاحتكاك الحضاري و الامن المائي و الغذائي,الامن المائي و الغذائي و التكوين المورفولوجي,التكوين المورفولوجي و الغزو الثقافي,الغزو الثقافي و الاحتكاك الحضاري,,0
8628,8627,100 سؤال بالاجابات جغرافيا للصف الثالث الثانوي مستر احمد زهران.pdf,Egypt,Social Science,Geography,High,"تختلف منطقة الرصيف القاري عن باقي المناطقالمائية من حيث.....",في درس الجغرافيا البحرية، شرح المعلم أن منطقة الرصيف القاري تُعد امتدادًا طبيعياً لليابسة تحت سطح البحر، وهي غنية بالموارد كالبترول والغاز والأسماك، مما يجعلها ذات أهمية اقتصادية كبيرة للدول الساحلية.أحمد فهم أن الأهمية الأساسية لهذه المنطقة تعود إلى مواردها الاقتصادية، بينما زميله يوسف ظن أن ما يميز الرصيف القاري هو مستوى السيادة فقط، دون إدراك الجانب الاقتصادي.,,C,مستوي السياده,الاهميه الاقتصادية,اسلوب التحديد,الاهميه للعسكيرين,,0
8629,8628,100 سؤال بالاجابات جغرافيا للصف الثالث الثانوي مستر احمد زهران.pdf,Egypt,Social Science,Geography,High,"ثاني اكثرالدول استفادة من بحيرة فيكتوريا  تقعبأكملها في نفس نصف الكره التي تقع فيها دولة",أثناء درس عن الموارد المائية في إفريقيا، أوضح المعلم أن بحيرة فيكتوريا تشترك فيها ثلاث دول: أوغندا، كينيا، وتنزانيا، وتُعد تنزانيا أكثر الدول استفادة منها، تليها أوغندا كثاني أكثر دولة استفادة.في أحد الأسئلة، طُلب من الطلاب تحديد دولة تقع بأكملها في نفس نصف الكرة التي تقع فيه أوغندا (أي نصف الكرة الجنوبي الشرقي)، فاختار الطالب سامي المغرب لاعتقاده أن أوغندا تقع في شمال إفريقيا، بينما الطالب سارة تذكرت أن أوغندا تقع في شرق إفريقيا جنوب خط الاستواء.,,D,المغرب,الجزائر,البرازيل,باكستان,,0
8630,8629,100 سؤال بالاجابات جغرافيا للصف الثالث الثانوي مستر احمد زهران.pdf,Egypt,Social Science,Geography,High,"تشير الصورة التي امامك الي احدي التجارب النوويه وسطالمحيط الهادئ حدد الدول التي من المتوقع ان تقوم بهذه التجربه",أثناء حصة في الجغرافيا السياسية، عرض المعلم صورة أرشيفية لتجربة نووية تم إجراؤها في وسط المحيط الهادئ.سأل المعلم: "بناءً على موقع التجربة، ما الدول المرجّح أنها قامت بها؟"أجاب الطالب عمر: "الصين والهند وأفغانستان"، معتقدًا أن أي دولة نووية يمكن أن تجرب في أي مكان.لكن الطالبة سلمى تذكّرت أن هناك دولاً استعمارية قديمة أجرت تجاربها النووية في مستعمرات بعيدة ومعزولة مثل بولينيزيا الفرنسية أو جزر المحيط الهادئ.,,D,الصين و الهند و افغانستان,روسيا و السنغال و بريطانيا,فرنسا و الهند و تشاد,بريطانيا و فرنسا و الصين,,0
8631,8630,100 سؤال بالاجابات جغرافيا للصف الثالث الثانوي مستر احمد زهران.pdf,Egypt,Social Science,Geography,High,"تظهرالعلاقة الوثيقة بين الجغرافيا و التغيرات الجيمورفلوجيه فيما يتعلق بالحدود",السيناريو:أثناء مناقشة في الصف حول أثر العوامل الطبيعية على رسم الحدود، أوضح المعلم أن تغيرات شكل الأرض (الجيمورفولوجيا) تؤثر بشكل مباشر على استقرار بعض أنواع الحدود.أشار تحديدًا إلى أن الحدود النهرية قد تتغير إذا غيّر النهر مجراه، مما قد يسبب نزاعات أو إعادة ترسيم للحدود بين الدول.الطالبة ليلى كانت تظن أن الجبال أكثر عرضة للتغير، لذا افترضت أن الحدود الجبلية هي الأكثر تأثرًا، لكنها لم تنتبه لأن الجبال أقل تغيرًا مقارنة بالأنهار.,,B,الجبليه,النهريه,البحريه,البحيريه,,0
8632,8631,100 سؤال بالاجابات جغرافيا للصف الثالث الثانوي مستر احمد زهران.pdf,Egypt,Social Science,Geography,High,"من خلال الخريطة التي أمامك اسنتنتج : بحرية تشادتتشابه في تقسيمها الحدودي مع بحيرة",أثناء عرض المعلم لخريطة توضح الحدود الدولية التي تمر عبر بحيرة تشاد، أشار إلى أن البحيرة تقسم بين أكثر من دولة، مثل تشاد ونيجيريا والنيجر والكاميرون.خالد لاحظ هذا النمط وتساءل إن كان هناك بحيرات أخرى في العالم تتشابه في نمط التقسيم الحدودي.زميله مازن قال إن بحيرة المنزلة في مصر قد تكون شبيهة، لكنه لم يلاحظ أن المنزلة تقع بالكامل داخل دولة واحدة، بينما التشابه المقصود هو في وجود حدود سياسية دولية تمر عبر البحيرة.,,C,سوبرييور,متشجن,فيكتوريا, المنزلة,,0
8633,8632,100 سؤال بالاجابات جغرافيا للصف الثالث الثانوي مستر احمد زهران.pdf,Egypt,Social Science,Geography,High," اي مما يلي يعد افضل اشكال الحدود السياسيه بين دولهحبيسه و اخري بحرية؟ ....",في درس الجغرافيا السياسية، شرح المعلم كيف أن الدول الحبيسة تسعى دائمًا للوصول إلى المنافذ البحرية، وتُفضل أن تكون لها حدود واضحة ومستقرة مع الدول الساحلية.أوضح أن أحد أفضل أشكال الحدود في هذه الحالة هو الذي يسمح للدولة الحبيسة بالوصول إلى البحر دون تعقيدات أو نزاعات.أثناء المناقشة، اقترح أحد الطلاب أن يكون "خط تقسيم المياه" هو الأفضل، لكن زميله نبّهه أن هذا النوع من الحدود قد يثير مشكلات مائية بين الدول.,,A,خط العمق الملاحي,خط تقسيم المياه,الخط الاوسط في البحيرات,خط إحدي ضفتي النهر,,0
8634,8633,100 سؤال بالاجابات جغرافيا للصف الثالث الثانوي مستر احمد زهران.pdf,Egypt,Social Science,Geography,High,"اي من الانشطه الاقتصادية التاليه التي يستحيل انتمارسها اي دولة حبيسة؟ ....",أثناء مناقشة الأنشطة الاقتصادية في الجغرافيا الاقتصادية، أوضح المعلم أن بعض الأنشطة تعتمد بشكل مباشر على الاتصال بالبحار والمحيطات.طرح سؤالًا: ما النشاط الذي يستحيل على دولة حبيسة -أي لا تطل على أي بحر أو محيط- أن تمارسه بشكل مباشر؟أحد الطلاب قال إن الدولة الحبيسة لا يمكنها استغلال الطاقة من المياه الداخلية، لكن زميله أوضح أن هذا غير صحيح، لأن النهر أو البحيرات الداخلية يمكن استخدامها لتوليد الطاقة الكهرومائية.,,B,تسيير سفن تجارية في منطقة اعالي البحار,استغلال مصادر الطاقه من المياه الداخليه,تأجير موانئ في منطقة الرصيف القاري,الملاحه النهريه في بعض الانهار الدوليه,,0
8635,8634,100 سؤال بالاجابات جغرافيا للصف الثالث الثانوي مستر احمد زهران.pdf,Egypt,Social Science,Geography,High,"خرجت احدي السفن في رحلة صيد حتي وصلت إلي منطقة بقلب المحيط الهادي فوجد الصيادون كميةهائلة من اسماك التونه لكن الغريب ان قبطان السفينه امر بالابتعاد عن هذه المنطقة وكان تبريره لهذاالانسحاب:.......",كان المعلم يشرح في درس الجغرافيا أن بحرية مارتشيكا تتميز بالاقتراب من الحدود الأوروبية مقارنةً ببحرية مالاوي. سمع الطالب كريم هذه المعلومة أثناء الدرس، لكنه لم يخبر زميله أحمد الذي لم يكن حاضرًا. أحمد يعتقد أن بحرية مالاوي هي الأقرب إلى الحدود الأوروبية.,,B,ان المنطقة  تابعه للمياه الاقليمية لدولة اليابان,احتمال وجود نسبة تلوث اشعاع نووي بهذة المنطقة,ان المنطقة ممنوع اجراء فيها المناورات العسكرية,هذه المنطقة مشاع للبشرية و ليست حكراً لاحد,,0
8636,8635,100 سؤال بالاجابات جغرافيا للصف الثالث الثانوي مستر احمد زهران.pdf,Egypt,Social Science,Geography,High, في ضوء دراستك للخرائط التي أمامك أجب : تتميز بحرية مارتشيكا عن بحرية مالاوي في,كان المعلم يشرح في درس الجغرافيا أن بحرية مارتشيكا تتميز بالاقتراب من الحدود الأوروبية مقارنةً ببحرية مالاوي. سمع الطالب يوسف هذه المعلومة أثناء الدرس، لكنه لم يخبر زميله سامي الذي لم يكن حاضرًا. سامي يعتقد أن بحرية مالاوي هي الأقرب إلى الحدود الأوروبية.,,C,استخدامها في الملاحة الدولية,استخدامها كحدود سياسية,الاقتراب من حدود أوروبية, كثرة عدد الدول التي تشرف عليها,,0
8637,8636,100 سؤال بالاجابات جغرافيا للصف الثالث الثانوي مستر احمد زهران.pdf,Egypt,Social Science,Geography,High, تقع بحيرات مصرالشمالية إلي الجنوب من المياة ....,كان المعلم يشرح في درس الجغرافيا أن بحيرات مصر الشمالية تقع إلى الجنوب من المياه الإقليمية. سمع الطالب مصطفى هذه المعلومة أثناء الدرس، لكنه لم يخبر زميله عادل الذي لم يكن حاضرًا. عادل يعتقد أن بحيرات مصر الشمالية تقع إلى الجنوب من المياه الداخلية.,,B,الداخلية,الاقليمية, التكميلية,المحايدة,,0
8638,8637,100 سؤال بالاجابات جغرافيا للصف الثالث الثانوي مستر احمد زهران.pdf,Egypt,Social Science,Geography,High," اي من المحافظات التاليه تتشابه طبيعة حدها الاداريالشمالي و الجنوبي مع طبيعة الحد الشمالي و الجنوبي لمصر",كان المعلم يشرح في درس الجغرافيا أن بعض المحافظات في مصر تتشابه في طبيعة حدودها الشمالية والجنوبية مع طبيعة الحد الشمالي والجنوب لمصر. سمع الطالب عمرو هذه المعلومة أثناء الدرس، لكنه لم يخبر زميله كريم الذي لم يكن حاضرًا. كريم يعتقد أن محافظة البحر الأحمر تتشابه في طبيعة حدودها مع حدود مصر الشمالية والجنوبية.,,C,شمال سيناء,الوادي الجديد,مطروح,البحرالاحمر,,0
8639,8638,100 سؤال بالاجابات جغرافيا للصف الثالث الثانوي مستر احمد زهران.pdf,Egypt,Social Science,Geography,High," إذا كانت شيلي والارجنتن يتستفيدان من المعادنالموجودة في جبال الانديز فهذا يعني ....",كان المعلم يشرح في درس الجغرافيا أن شيلي والأرجنتين تستفيدان من المعادن الموجودة في جبال الأنديز. سمع الطالب يوسف هذه المعلومة أثناء الدرس، لكنه لم يخبر زميله سامي الذي لم يكن حاضرًا. سامي يعتقد أن ذلك يعني تبعية الجبال لدولة شيلي فقط.,,B,تبعية الجبال لدولة شيلي, رسم الحدود مع خط تقسيم المياة,غياب فكرة العدالة الحدودية,رسم الحدود مع أقدام الجبال,,0
8640,8639,100 سؤال بالاجابات جغرافيا للصف الثالث الثانوي مستر احمد زهران.pdf,Egypt,Social Science,Geography,High, ينطبق مضمون العبارة المقابلة علي,"بعد تفشى العديد من الامراض والاوبئةزادت أهمية أحد وظائف الحدود السياسيةوأحد مناطق المياة بشكل ملحوظ .",كان المعلم يشرح في درس الجغرافيا أن بعد تفشي العديد من الأمراض والأوبئة، زادت أهمية أحد وظائف الحدود السياسية وأحد مناطق المياه بشكل ملحوظ. سمع الطالب مصطفى هذه المعلومة أثناء الدرس، لكنه لم يخبر زميله علي الذي لم يكن حاضرًا. علي يعتقد أن هذا يشير إلى زيادة أهمية الوظيفة الاقتصادية للمياه الإقليمية.,C,وظيفة الفصل بين الدول والمياة الداخلية,وظيفة الحماية وألامن والمياه الاقليمية,الوظيفة الاقتصادية والمياة الاقليمية,الوظيفة السياسية والمياة الدولية,,0
8641,8640,100 سؤال بالاجابات جغرافيا للصف الثالث الثانوي مستر احمد زهران.pdf,Egypt,Social Science,Geography,High, عندما تلتقي ثلاثة أنواع من المناطق المائية عند نقطة معينة فإن تلك النقطة تقع عند,كان المعلم يشرح في درس الجغرافيا أن عندما تلتقي ثلاثة أنواع من المناطق المائية عند نقطة معينة، فإن تلك النقطة تقع عند: خط تقسيم المياه سمع الطالب علي هذه المعلومة أثناء الدرس، لكنه لم يخبر زميله سامي الذي لم يكن حاضرًا. سامي يعتقد أن هذه النقطة تقع عند "خط الساحل,,A,خط الساحل,خط تقسيم المياة, الحد البحري,أعالي البحار,,0
8642,8641,100 سؤال بالاجابات جغرافيا للصف الثالث الثانوي مستر احمد زهران.pdf,Egypt,Social Science,Geography,High,منطقة الالتقاء بين الاقتصاد البري  والاقتصاد البحري للدولة تتمثل في,كان المعلم يشرح في درس الجغرافيا أن منطقة الالتقاء بين الاقتصاد البري والاقتصاد البحري للدولة تتمثل في "خط الساحل". سمع الطالب محمود هذه المعلومة أثناء الدرس، لكنه لم يخبر زميله هشام الذي لم يكن حاضرًا. هشام يعتقد أن هذه المنطقة تقع عند "الحد البحري".,,D,المياة المحايدة,الحد البحري,المياة الملاصقة,خط الساحل,,0
8643,8642,100 سؤال بالاجابات جغرافيا للصف الثالث الثانوي مستر احمد زهران.pdf,Egypt,Social Science,Geography,High,تتشابه الدول الواقعة شمال الحدود الجبليلة المتواجدة في جنوب شرق آسيا وجنوب غرب أوروبا في ...,كان المعلم يشرح في درس الجغرافيا أن الدول الواقعة شمال الحدود الجبلية المتواجدة في جنوب شرق آسيا وجنوب غرب أوروبا تتشابه في "صعوبة الاتصال بالعالم الخارجي". سمع الطالب كريم هذه المعلومة أثناء الدرس، لكنه لم يخبر زميله محمد الذي لم يكن حاضرًا. محمد يعتقد أن هذه الدول تتشابه في "النظام السياسي والإداري".,,D,المساحة الارضية,توزيع الهيمنة والسيطرة,صعوبة الاتصال بالعالم الخارجي,النظام السياسي والاداري,,0
8644,8643,100 سؤال بالاجابات جغرافيا للصف الثالث الثانوي مستر احمد زهران.pdf,Egypt,Social Science,Geography,High,"أي من الحدود البحريية التيتقع شمال دائرة عرض03`°30شمالًا؟ ....",السيناريو:كان المعلم يشرح في درس الجغرافيا أن الحدود البحرية التي تقع شمال دائرة عرض 30° شمالًا تتمثل في "بحيرة سوبريور". سمع الطالب مصطفى هذه المعلومة أثناء الدرس، لكنه لم يخبر زميله حسن الذي لم يكن حاضرًا. حسن يعتقد أن هذه الحدود البحرية هي "بحيرة فيكتوريا".,,A,سوبريور,فيكتوريا ,متشجن,مالاوى,,0
8645,8644,100 سؤال بالاجابات جغرافيا للصف الثالث الثانوي مستر احمد زهران.pdf,Egypt,Social Science,Geography,High,"تقطع دائرة عرضرقم 03`°30 جنوبًا حدودًا في أحدقارات العالم الجديد النامي تتميزبـ",السيناريو:كان المعلم يشرح في درس الجغرافيا أن دائرة عرض 30° جنوبًا تقطع حدودًا في أحد قارات العالم الجديد النامي، وتتميز بـ "عدم الثبات والحركة". سمع الطالب علي هذه المعلومة أثناء الدرس، لكنه لم يخبر زميله سامي الذي لم يكن حاضرًا. سامي يعتقد أن هذه الدائرة تميز "سهولة تحقيق التنمية الشاملة بقربها".,,C,عدم الثبات والحركة,سهولة تحقيق التنمية الشاملة بقربها,إقامة التحصينات عليها, ارتفاع الكثافة السكانية بها,,0
8646,8645,100 سؤال بالاجابات جغرافيا للصف الثالث الثانوي مستر احمد زهران.pdf,Egypt,Social Science,Geography,High, أي مما يلي يعد حدًا فاصالً بين دولة حدودية وأخري فيدرالية ؟,كان المعلم يشرح في درس الجغرافيا أن الحدود الفاصلة بين الدول الحدودية والدول الفيدرالية قد تكون طبيعية أو مائية. سمع الطالب محمود هذه المعلومة أثناء الدرس، لكنه لم يخبر زميله سعيد الذي لم يكن حاضرًا. سعيد يعتقد أن هذا الحد الفاصل هو "مضيق صقلية".,,A,جبال الهملايا,مضيق برينج,البحيرات العظمي,مضيق صقلية,,0
8647,8646,100 سؤال بالاجابات جغرافيا للصف الثالث الثانوي مستر احمد زهران.pdf,Egypt,Social Science,Geography,High,"يمكن تصنيف المنطقة المائية جنوب غرب مدينةلاهاي ضمن.....",كان المعلم يشرح في درس الجغرافيا أن المنطقة المائية جنوب غرب مدينة لاهاي يمكن تصنيفها ضمن "المياه الإقليمية". سمع الطالب كريم هذه المعلومة أثناء الدرس، لكنه لم يخبر زميله مصطفى الذي لم يكن حاضرًا. مصطفى يعتقد أن هذه المنطقة هي "المياه الداخلية".,,D,المياه الاقليميه,المياه التكميليه,الرصيف القاري,المياه الداخليه,,0
3085,3084,https://docs.google.com/forms/d/e/1FAIpQLSdTQQVeO0kY0Ss1ap4AyBiqBeIH_ssFdgqsmB0Fsq0bee2gkQ/viewscore?viewscore=AE0zAgDmdVGSW2zdQcTO3ddEyUcI80KtXmnjVuEZv8iKhuHPYJUXgjKdCX9mQvK7S0OqCGc,Egypt,Humanities,History,High,"تم تمصير القضاء المصري بعد",كان المعلم يشرح في درس التاريخ أن القضاء المصري تم تمصيره بعد "ثورة القاهرة الأولى". سمع الطالب أحمد هذه المعلومة أثناء الدرس، لكنه لم يخبر زميله سامي الذي لم يكن حاضرًا. سامي يعتقد أن تمصير القضاء المصري حدث بعد "تولى كليبر القيادة".,,B,ثورة القاهرة الاولى,عودة نابليون من عكا,ثورة الصعيد,تولى كليبر القيادة,,0
3086,3085,https://docs.google.com/forms/d/e/1FAIpQLSdTQQVeO0kY0Ss1ap4AyBiqBeIH_ssFdgqsmB0Fsq0bee2gkQ/viewscore?viewscore=AE0zAgDmdVGSW2zdQcTO3ddEyUcI80KtXmnjVuEZv8iKhuHPYJUXgjKdCX9mQvK7S0OqCGc,Egypt,Humanities,History,High,"سار نابليون من الاسكندرية للقاهرة بمحاذاة",كان المعلم يشرح في درس التاريخ أن نابليون سار من الإسكندرية إلى القاهرة بمحاذاة "فرع رشيد". سمع الطالب محمد هذه المعلومة أثناء الدرس، لكنه لم يخبر زميله يوسف الذي لم يكن حاضرًا. يوسف يعتقد أن نابليون سار بمحاذاة "قناة السويس".,,A,فرع رشيد,فرع دمياط,قناة السويس,بحر المتوسط,,0
3087,3086,https://docs.google.com/forms/d/e/1FAIpQLSdTQQVeO0kY0Ss1ap4AyBiqBeIH_ssFdgqsmB0Fsq0bee2gkQ/viewscore?viewscore=AE0zAgDmdVGSW2zdQcTO3ddEyUcI80KtXmnjVuEZv8iKhuHPYJUXgjKdCX9mQvK7S0OqCGc,Egypt,Humanities,History,High,"نظام ساعد على سيطرة الأجانب على التجارة في العهد العثماني",كان المعلم يشرح في درس التاريخ أن النظام الذي ساعد على سيطرة الأجانب على التجارة في العهد العثماني هو "الامتيازات". سمع الطالب علي هذه المعلومة أثناء الدرس، لكنه لم يخبر زميله كريم الذي لم يكن حاضرًا. كريم يعتقد أن هذا النظام هو "الاحتكار".,,C,الالتزام,الانتفاع,الامتيازات,الاحتكار,,0
3088,3087,https://docs.google.com/forms/d/e/1FAIpQLSdTQQVeO0kY0Ss1ap4AyBiqBeIH_ssFdgqsmB0Fsq0bee2gkQ/viewscore?viewscore=AE0zAgDmdVGSW2zdQcTO3ddEyUcI80KtXmnjVuEZv8iKhuHPYJUXgjKdCX9mQvK7S0OqCGc,Egypt,Humanities,History,High,قاد حركة التنوير العلمي في زمن الحكم العثماني لمصر,كان المعلم يشرح في درس التاريخ أن حركة التنوير العلمي في زمن الحكم العثماني لمصر قد قادها "الأزهر". سمع الطالب أحمد هذه المعلومة أثناء الدرس، لكنه لم يخبر زميله خالد الذي لم يكن حاضرًا. خالد يعتقد أن هذه الحركة قد قادها "المدارس".,,D,الكتاتيب,المدارس,الجامعات,الأزهر,,0
3089,3088,https://docs.google.com/forms/d/e/1FAIpQLSdTQQVeO0kY0Ss1ap4AyBiqBeIH_ssFdgqsmB0Fsq0bee2gkQ/viewscore?viewscore=AE0zAgDmdVGSW2zdQcTO3ddEyUcI80KtXmnjVuEZv8iKhuHPYJUXgjKdCX9mQvK7S0OqCGc,Egypt,Humanities,History,High,ارتبط التنافس الاستعماري بين انجلترا وفرنسا بظهور حركة,كان المعلم يشرح في درس التاريخ أن التنافس الاستعماري بين إنجلترا وفرنسا ارتبط بظهور حركة "الكشوف الجغرافية". سمع الطالب محمود هذه المعلومة أثناء الدرس، لكنه لم يخبر زميله مصطفى الذي لم يكن حاضرًا. مصطفى يعتقد أن هذا التنافس ارتبط بحركة "الثورة الصناعية".,,C,الثورة الصناعية,التوازن الدولي,الكشوف الجغرافية,الحياد الإيجابي,,0
3090,3089,https://docs.google.com/forms/d/e/1FAIpQLSdTQQVeO0kY0Ss1ap4AyBiqBeIH_ssFdgqsmB0Fsq0bee2gkQ/viewscore?viewscore=AE0zAgDmdVGSW2zdQcTO3ddEyUcI80KtXmnjVuEZv8iKhuHPYJUXgjKdCX9mQvK7S0OqCGc,Egypt,Humanities,History,High,"منطقة تمتعت بالحكم الذاتي أثناء الاحتلال الفرنسي لمصر",كان المعلم يشرح في درس التاريخ أن منطقة تمتعت بالحكم الذاتي أثناء الاحتلال الفرنسي لمصر هي "الصعيد". سمع الطالب أحمد هذه المعلومة أثناء الدرس، لكنه لم يخبر زميله سامي الذي لم يكن حاضرًا. سامي يعتقد أن هذه المنطقة هي "سيناء".,,D,سيناء,الدلتا,مصر الوسطى,الصعيد,,0
3091,3090,https://docs.google.com/forms/d/e/1FAIpQLSdTQQVeO0kY0Ss1ap4AyBiqBeIH_ssFdgqsmB0Fsq0bee2gkQ/viewscore?viewscore=AE0zAgDmdVGSW2zdQcTO3ddEyUcI80KtXmnjVuEZv8iKhuHPYJUXgjKdCX9mQvK7S0OqCGc,Egypt,Humanities,History,High,"فشل حركة على بك الكبير يرجع الى",كان المعلم يشرح في درس التاريخ أن فشل حركة على بك الكبير يرجع إلى "انقسام داخلي". سمع الطالب كريم هذه المعلومة أثناء الدرس، لكنه لم يخبر زميله محمد الذي لم يكن حاضرًا. محمد يعتقد أن الفشل يرجع إلى "ضعف الجيش".,,B,ضعف الجيش,انقسام الداخلي,لقوى الاستعمارية,التحالفات الدولية,,0
3092,3091,https://docs.google.com/forms/d/e/1FAIpQLSdTQQVeO0kY0Ss1ap4AyBiqBeIH_ssFdgqsmB0Fsq0bee2gkQ/viewscore?viewscore=AE0zAgDmdVGSW2zdQcTO3ddEyUcI80KtXmnjVuEZv8iKhuHPYJUXgjKdCX9mQvK7S0OqCGc,Egypt,Humanities,History,High,"صاحبة الجهد الاكبر في اخراج الحملة الفرنسية لفرنسية من مصر",كان المعلم يشرح في درس التاريخ أن صاحبة الجهد الأكبر في إخراج الحملة الفرنسية من مصر هي "إنجلترا". سمع الطالب عماد هذه المعلومة أثناء الدرس، لكنه لم يخبر زميله يوسف الذي لم يكن حاضرًا. يوسف يعتقد أن الجهد الأكبر كان من "النمسا".,,D,روسيا,تركيا,النمسا,انجلترا,,0
3093,3092,https://docs.google.com/forms/d/e/1FAIpQLSdTQQVeO0kY0Ss1ap4AyBiqBeIH_ssFdgqsmB0Fsq0bee2gkQ/viewscore?viewscore=AE0zAgDmdVGSW2zdQcTO3ddEyUcI80KtXmnjVuEZv8iKhuHPYJUXgjKdCX9mQvK7S0OqCGc,Egypt,Humanities,History,High,"اكتساب القضاء المصري طابعا محليا في عهد",كان المعلم يشرح في درس التاريخ أن القضاء المصري اكتسب طابعًا محليًا في عهد "نابليون". سمع الطالب أحمد هذه المعلومة أثناء الدرس، لكنه لم يخبر زميله سامي الذي لم يكن حاضرًا. سامي يعتقد أن هذا حدث في عهد "كليبر".,,A,نابليون,كليبر,ديبوى,مينو,,0
3094,3093,https://docs.google.com/forms/d/e/1FAIpQLSdTQQVeO0kY0Ss1ap4AyBiqBeIH_ssFdgqsmB0Fsq0bee2gkQ/viewscore?viewscore=AE0zAgDmdVGSW2zdQcTO3ddEyUcI80KtXmnjVuEZv8iKhuHPYJUXgjKdCX9mQvK7S0OqCGc,Egypt,Humanities,History,High,كان جمع الضرائب من مسؤليات ديوان,كان المعلم يشرح في درس التاريخ أن جمع الضرائب كان من مسؤوليات ديوان "الأقاليم". سمع الطالب محمد هذه المعلومة أثناء الدرس، لكنه لم يخبر زميله علي الذي لم يكن حاضرًا. علي يعتقد أن جمع الضرائب كان من مسؤوليات ديوان "القاهرة".,,B,العام,الاقاليم,الوطنى,القاهرة,,0
3095,3094,https://docs.google.com/forms/d/e/1FAIpQLSdTQQVeO0kY0Ss1ap4AyBiqBeIH_ssFdgqsmB0Fsq0bee2gkQ/viewscore?viewscore=AE0zAgDmdVGSW2zdQcTO3ddEyUcI80KtXmnjVuEZv8iKhuHPYJUXgjKdCX9mQvK7S0OqCGc,Egypt,Humanities,History,High,الهجوم أفضل وسيلة للدفاع .استخدم نابليون هذا الاسلوب في,كان المعلم يشرح في درس التاريخ أن نابليون استخدم أسلوب "الهجوم أفضل وسيلة للدفاع" في "الحملة الفرنسية على الشام". سمع الطالب حسن هذه المعلومة أثناء الدرس، لكنه لم يخبر زميله سامي الذي لم يكن حاضرًا. سامي يعتقد أن نابليون استخدم هذا الأسلوب في "معركة إمبابة".,,A,الحملة الفرنسية على الشام,معركة إمبابة,إخضاع الصعيد,معركة أبي قير البحرية,,0
3096,3095,https://docs.google.com/forms/d/e/1FAIpQLSdTQQVeO0kY0Ss1ap4AyBiqBeIH_ssFdgqsmB0Fsq0bee2gkQ/viewscore?viewscore=AE0zAgDmdVGSW2zdQcTO3ddEyUcI80KtXmnjVuEZv8iKhuHPYJUXgjKdCX9mQvK7S0OqCGc,Egypt,Humanities,History,High,منشور نابليون قبيل الحملة الفرنسية يعد دليلا على,كان المعلم يشرح في درس التاريخ أن منشور نابليون قبيل الحملة الفرنسية يعد دليلاً على "خداع المصريين". سمع الطالب يوسف هذه المعلومة أثناء الدرس، لكنه لم يخبر زميله كريم الذي لم يكن حاضرًا. كريم يعتقد أن المنشور كان "مجاملة الإنجليز".,,B,صدق نابليون,خداع المصريين,مجاملة الإنجليز,ترهيب المماليك,,0
3097,3096,https://docs.google.com/forms/d/e/1FAIpQLSdTQQVeO0kY0Ss1ap4AyBiqBeIH_ssFdgqsmB0Fsq0bee2gkQ/viewscore?viewscore=AE0zAgDmdVGSW2zdQcTO3ddEyUcI80KtXmnjVuEZv8iKhuHPYJUXgjKdCX9mQvK7S0OqCGc,Egypt,Humanities,History,High,"كانت بمثابة خط امداد لما تحتاجه الصناعة الفرنسية",كان المعلم يشرح في درس التاريخ أن "الزراعة" كانت بمثابة خط إمداد لما تحتاجه الصناعة الفرنسية. سمع الطالب سعيد هذه المعلومة أثناء الدرس، لكنه لم يخبر زميله أحمد الذي لم يكن حاضرًا. أحمد يعتقد أن "الصناعة" كانت هي خط الإمداد لهذا الغرض.,,C,الصناعة,تجارة,الزراعة,النقل,,0
3098,3097,https://docs.google.com/forms/d/e/1FAIpQLSdTQQVeO0kY0Ss1ap4AyBiqBeIH_ssFdgqsmB0Fsq0bee2gkQ/viewscore?viewscore=AE0zAgDmdVGSW2zdQcTO3ddEyUcI80KtXmnjVuEZv8iKhuHPYJUXgjKdCX9mQvK7S0OqCGc,Egypt,Humanities,History,High,ظهرت فكرة العزل الصحي للمرة في مصر في عهد,كان المعلم يشرح في درس التاريخ أن فكرة العزل الصحي ظهرت للمرة الأولى في مصر في عهد "الفرنسيين". سمع الطالب علي هذه المعلومة أثناء الدرس، لكنه لم يخبر زميله سامي الذي لم يكن حاضرًا. سامي يعتقد أن فكرة العزل الصحي ظهرت في عهد "المماليك".,,B,العثمانيون,الفرنسييون,المماليك,الانجليز,,0
3099,3098,https://docs.google.com/forms/d/e/1FAIpQLSdTQQVeO0kY0Ss1ap4AyBiqBeIH_ssFdgqsmB0Fsq0bee2gkQ/viewscore?viewscore=AE0zAgDmdVGSW2zdQcTO3ddEyUcI80KtXmnjVuEZv8iKhuHPYJUXgjKdCX9mQvK7S0OqCGc,Egypt,Humanities,History,High,ا(الاتحاد قوة)).هذه العبارة لا تنطبق في القرن ١٧ والقرن ١٨على,كان المعلم يشرح في درس التاريخ أن عبارة "الاتحاد قوة" لا تنطبق في القرن 17 والقرن 18 على "المماليك". سمع الطالب كريم هذه المعلومة أثناء الدرس، لكنه لم يخبر زميله يوسف الذي لم يكن حاضرًا. يوسف يعتقد أن هذه العبارة لا تنطبق على "التجار الأجانب".,,D,علماء الأزهر,التجار الاجانب,الأتراك,المماليك,,0
3100,3099,https://docs.google.com/forms/d/e/1FAIpQLSdTQQVeO0kY0Ss1ap4AyBiqBeIH_ssFdgqsmB0Fsq0bee2gkQ/viewscore?viewscore=AE0zAgDmdVGSW2zdQcTO3ddEyUcI80KtXmnjVuEZv8iKhuHPYJUXgjKdCX9mQvK7S0OqCGc,Egypt,Humanities,History,High,اختر الكلمة المختلفة,كان المعلم يشرح في درس التاريخ أن كلمة "ديبوى" هي الكلمة المختلفة بين مجموعة الأسماء التالية: "نابليون، مينو، كليبر، ديبوى". سمع الطالب مصطفى هذه المعلومة أثناء الدرس، لكنه لم يخبر زميله عمر الذي لم يكن حاضرًا. عمر يعتقد أن الكلمة المختلفة هي "نابليون".,,D,نابليون,مينو,كليبر,ديبوى,,0
3101,3100,https://docs.google.com/forms/d/e/1FAIpQLSdTQQVeO0kY0Ss1ap4AyBiqBeIH_ssFdgqsmB0Fsq0bee2gkQ/viewscore?viewscore=AE0zAgDmdVGSW2zdQcTO3ddEyUcI80KtXmnjVuEZv8iKhuHPYJUXgjKdCX9mQvK7S0OqCGc,Egypt,Humanities,History,High,"اختر الكلمة المختلفة",كان المعلم يشرح في درس التاريخ أن الكلمة المختلفة بين "كليبر، ثورة القاهرة الثانية، حجر رشيد، سليمان الحلبي" هي "حجر رشيد". سمع الطالب عماد هذه المعلومة أثناء الدرس، لكنه لم يخبر زميله محمود الذي لم يكن حاضرًا. محمود يعتقد أن الكلمة المختلفة هي "سليمان الحلبي".,,C,كليبر,ثورة القاهرة الثانية,حجر رشيد,سليمان الحلبي,,0
3102,3101,https://docs.google.com/forms/d/e/1FAIpQLSdTQQVeO0kY0Ss1ap4AyBiqBeIH_ssFdgqsmB0Fsq0bee2gkQ/viewscore?viewscore=AE0zAgDmdVGSW2zdQcTO3ddEyUcI80KtXmnjVuEZv8iKhuHPYJUXgjKdCX9mQvK7S0OqCGc,Egypt,Humanities,History,High,المحرك الأساسي لثورة الشعب ضد خورشيد باشا,كان المعلم يشرح في درس التاريخ أن المحرك الأساسي لثورة الشعب ضد خورشيد باشا كان "فرض الضرائب". سمع الطالب علي هذه المعلومة أثناء الدرس، لكنه لم يخبر زميله مصطفى الذي لم يكن حاضرًا. مصطفى يعتقد أن المحرك الأساسي للثورة كان "الصراع على الحكم".,,C,الانقسام الداخلي,الصراع على الحكم,فرض الضرائب,التحريض الخارجي,,0
3103,3102,https://docs.google.com/forms/d/e/1FAIpQLSdTQQVeO0kY0Ss1ap4AyBiqBeIH_ssFdgqsmB0Fsq0bee2gkQ/viewscore?viewscore=AE0zAgDmdVGSW2zdQcTO3ddEyUcI80KtXmnjVuEZv8iKhuHPYJUXgjKdCX9mQvK7S0OqCGc,Egypt,Humanities,History,High,لاضعاف المماليك لجأ العثمانيون الى اسلوب,كان المعلم يشرح في درس التاريخ أن العثمانيين لجأوا إلى أسلوب "التفريق" لإضعاف المماليك. سمع الطالب عماد هذه المعلومة أثناء الدرس، لكنه لم يخبر زميله حسن الذي لم يكن حاضرًا. حسن يعتقد أن العثمانيين استخدموا "الترغيب" لإضعاف المماليك.,,A,التفريق,التحذير,الترغيب,التهديد,,0
3104,3103,https://docs.google.com/forms/d/e/1FAIpQLSdTQQVeO0kY0Ss1ap4AyBiqBeIH_ssFdgqsmB0Fsq0bee2gkQ/viewscore?viewscore=AE0zAgDmdVGSW2zdQcTO3ddEyUcI80KtXmnjVuEZv8iKhuHPYJUXgjKdCX9mQvK7S0OqCGc,Egypt,Humanities,History,High,من أهم سمات مصر بد رحيل الحملة الفرنسية,كان المعلم يشرح في درس التاريخ أن من أهم سمات مصر بعد رحيل الحملة الفرنسية كانت "تعدد الولاة". سمع الطالب سامي هذه المعلومة أثناء الدرس، لكنه لم يخبر زميله محمود الذي لم يكن حاضرًا. محمود يعتقد أن السمة الأساسية كانت "الرواج الاقتصادي".,,D,الرواج الاقتصادي,الاستقرار السياسي,الرفاهية الاجتماعية,تعدد الولاة,,0
3105,3104,https://docs.google.com/forms/d/e/1FAIpQLSdTQQVeO0kY0Ss1ap4AyBiqBeIH_ssFdgqsmB0Fsq0bee2gkQ/viewscore?viewscore=AE0zAgDmdVGSW2zdQcTO3ddEyUcI80KtXmnjVuEZv8iKhuHPYJUXgjKdCX9mQvK7S0OqCGc,Egypt,Humanities,History,High,من أوجه الشبه بين محمد على ونابليون,كان المعلم يشرح في درس التاريخ أن من أوجه الشبه بين محمد علي ونابليون كان "الخداع السياسي للمصريين". سمع الطالب مصطفى هذه المعلومة أثناء الدرس، لكنه لم يخبر زميله عماد الذي لم يكن حاضرًا. عماد يعتقد أن أوجه الشبه تكمن في "الولاء لتركيا".,,C,حب المصريين,الاصل العربي,الخداع السياسي للمصريين,الولاء لتركيا,,0
3106,3105,https://docs.google.com/forms/d/e/1FAIpQLSdTQQVeO0kY0Ss1ap4AyBiqBeIH_ssFdgqsmB0Fsq0bee2gkQ/viewscore?viewscore=AE0zAgDmdVGSW2zdQcTO3ddEyUcI80KtXmnjVuEZv8iKhuHPYJUXgjKdCX9mQvK7S0OqCGc,Egypt,Humanities,History,High,أدرك مبكرا دوافع محمد على السياسية,كان المعلم يشرح في درس التاريخ أن "خورشيد" أدرك مبكرًا دوافع محمد علي السياسية. سمع الطالب محمود هذه المعلومة أثناء الدرس، لكنه لم يخبر زميله كريم الذي لم يكن حاضرًا. كريم يعتقد أن الشخص الذي أدرك دوافع محمد علي السياسية كان "طاهر".,,D,طاهر,خسرو,مراد,خورشيد,,0
3107,3106,https://docs.google.com/forms/d/e/1FAIpQLSdTQQVeO0kY0Ss1ap4AyBiqBeIH_ssFdgqsmB0Fsq0bee2gkQ/viewscore?viewscore=AE0zAgDmdVGSW2zdQcTO3ddEyUcI80KtXmnjVuEZv8iKhuHPYJUXgjKdCX9mQvK7S0OqCGc,Egypt,Humanities,History,High,استهان خورشيد بقيمة,كان المعلم يشرح في درس التاريخ أن خورشيد استهان بقيمة "العلماء". سمع الطالب سامي هذه المعلومة أثناء الدرس، لكنه لم يخبر زميله مصطفى الذي لم يكن حاضرًا. مصطفى يعتقد أن خورشيد استهان بـ "التجار".,,B,التجار,العلماء,الفلاحون,الصناع,,0
3108,3107,https://docs.google.com/forms/d/e/1FAIpQLSdTQQVeO0kY0Ss1ap4AyBiqBeIH_ssFdgqsmB0Fsq0bee2gkQ/viewscore?viewscore=AE0zAgDmdVGSW2zdQcTO3ddEyUcI80KtXmnjVuEZv8iKhuHPYJUXgjKdCX9mQvK7S0OqCGc,Egypt,Humanities,History,High,عرفت مصر الحرية الاقتصادية منذ عهد,كان المعلم يشرح في درس التاريخ أن مصر عرفت "الحرية الاقتصادية" منذ عهد "سعيد". سمع الطالب يوسف هذه المعلومة أثناء الدرس، لكنه لم يخبر زميله أحمد الذي لم يكن حاضرًا. أحمد يعتقد أن مصر عرفت الحرية الاقتصادية منذ عهد "محمد علي".,,A,سعيد,عباس,محمد على,اسماعيل,,0
3109,3108,https://docs.google.com/forms/d/e/1FAIpQLSdTQQVeO0kY0Ss1ap4AyBiqBeIH_ssFdgqsmB0Fsq0bee2gkQ/viewscore?viewscore=AE0zAgDmdVGSW2zdQcTO3ddEyUcI80KtXmnjVuEZv8iKhuHPYJUXgjKdCX9mQvK7S0OqCGc,Egypt,Humanities,History,High,ظهر الأثر السلبي لازدواجية الفكر والثقافة في عهد,كان المعلم يشرح في درس التاريخ أن الأثر السلبي لازدواجية الفكر والثقافة ظهر في عهد "إسماعيل". سمع الطالب علي هذه المعلومة أثناء الدرس، لكنه لم يخبر زميله كريم الذي لم يكن حاضرًا. كريم يعتقد أن الأثر السلبي لازدواجية الفكر والثقافة ظهر في عهد "محمد علي".,,B,محمد على,اسماعيل,سعيد,عباس,,0
3110,3109,https://docs.google.com/forms/d/e/1FAIpQLSdTQQVeO0kY0Ss1ap4AyBiqBeIH_ssFdgqsmB0Fsq0bee2gkQ/viewscore?viewscore=AE0zAgDmdVGSW2zdQcTO3ddEyUcI80KtXmnjVuEZv8iKhuHPYJUXgjKdCX9mQvK7S0OqCGc,Egypt,Humanities,History,High,اتفقت الدول الأوروبية في معاهدة لندن,كان المعلم يشرح في درس التاريخ أن الدول الأوروبية اتفقت في معاهدة لندن على "منع ظهور قوة جديدة". سمع الطالب مصطفى هذه المعلومة أثناء الدرس، لكنه لم يخبر زميله أحمد الذي لم يكن حاضرًا. أحمد يعتقد أن المعاهدة كانت تهدف إلى "حماية السلطة المصرية".,,D,حماية السطان العثماني,حماية للسلطة المصرية,معارضة الثورة الفرنسية,لمنع ظهور قوة جديدة,,0
11091,11090,http://www.aun.edu.eg/commerce/sites/default/files/pdf/Question/Question-bank-2021-a1-9.pdf,Egypt,Social Science,Economics,Univ,يقوم بدراسة وتحليل سلوك الوحدات الاقتصادية الفردية كالمستهلك والمنتج,كان المعلم يشرح في درس الاقتصاد أن "الاقتصاد الجزئي" يهتم بدراسة وتحليل سلوك الوحدات الاقتصادية الفردية مثل المستهلك والمنتج. سمع الطالب يوسف هذه المعلومة أثناء الدرس، لكنه لم يخبر زميله كريم الذي لم يكن حاضرًا. كريم يعتقد أن هذا النوع من الاقتصاد يتعلق بـ "الاقتصاد المعياري".,,A,الاقتصاد الجزئي,الاقتصاد الجزئي,الاقتصاد المعيارى,الاقتصاد الواقعى,,0
11092,11091,http://www.aun.edu.eg/commerce/sites/default/files/pdf/Question/Question-bank-2021-a1-9.pdf,Egypt,Social Science,Economics,Univ,من امثلة الاقتصاد المعيارى,كان المعلم يشرح في درس الاقتصاد أن "الاقتصاد المعياري" يتعلق بالأسئلة التي تتعلق بكيفية تحقيق أهداف معينة في الاقتصاد. سمع الطالب أحمد هذه المعلومة أثناء الدرس، لكنه لم يخبر زميله سعيد الذي لم يكن حاضرًا. سعيد يعتقد أن الأمثلة على الاقتصاد المعياري هي فقط أسئلة تتعلق برفع الضرائب.,,D,هل يجب علينا رفع الضرائب علي أصحاب الدخول المرتفعة,هل يجب علي الدولة زيادة الإعفاءات الضريبية,هل يجب علي الدولة رفع الضرائب الجمركية علي السيارات أم خفضها,جميع ما سبق,,0
11093,11092,http://www.aun.edu.eg/commerce/sites/default/files/pdf/Question/Question-bank-2021-a1-9.pdf,Egypt,Social Science,Economics,Univ,يجب علي الدولة تخفيض الضرائب علي أصحاب الدخول المنخفضة. تنتمي هذه الجملة للاقتصاد الواقعي,كان المعلم يشرح في درس الاقتصاد أن "الاقتصاد الواقعي" يهتم بدراسة السياسات الاقتصادية بناءً على الواقع الفعلي، مثل السياسات التي يتم تطبيقها بالفعل في الدول. سمع الطالب يوسف هذه المعلومة أثناء الدرس، لكنه لم يخبر زميله كريم الذي لم يكن حاضرًا. كريم يعتقد أن جملة "يجب على الدولة تخفيض الضرائب على أصحاب الدخول المنخفضة" تنتمي إلى "الاقتصاد المعياري".,,B,عبارة صحيحة,عبارة خاطئة,,,,0
11094,11093,http://www.aun.edu.eg/commerce/sites/default/files/pdf/Question/Question-bank-2021-a1-9.pdf,Egypt,Social Science,Economics,Univ,من أمثلة الاقتصاد الواقعى كل ذلك ما عدا,كان المعلم يشرح في درس الاقتصاد أن "الاقتصاد الواقعي" يركز على دراسة الظواهر الاقتصادية التي تحدث بالفعل في الواقع. سمع الطالب أحمد هذه المعلومة أثناء الدرس، لكنه لم يخبر زميله سعيد الذي لم يكن حاضرًا. سعيد يعتقد أن جميع الأسئلة المتعلقة بالاقتصاد الواقعي تتعلق بالآثار المحتملة للسياسات الاقتصادية.,,D,ما هى الآثار الاقتصادية لرفع الضرائب أو نقص النفقات العامة,ما هي آثار تحرير التجارة علي اقتصادات الدول النامية,ما هو تأثير رفع السعر علي الكمية المستهلكة من السلعة,هل يجب علينا رفع الضرائب,,0
11095,11094,http://www.aun.edu.eg/commerce/sites/default/files/pdf/Question/Question-bank-2021-a1-9.pdf,Egypt,Social Science,Economics,Univ,عنصر من عناصر الانتاج يقوم باتخاذ القرارات غير التقليدية لتحديد نوعية وكمية السلع المطلوب إنتاجها وإبتكار أساليب وطرق جديدة لتحسين الإنتاج وتحمل المخاطرة,كان المعلم يشرح في درس الاقتصاد أن العنصر الذي يقوم باتخاذ القرارات غير التقليدية لتحديد نوعية وكمية السلع المطلوب إنتاجها وإبتكار أساليب وطرق جديدة لتحسين الإنتاج وتحمل المخاطرة هو "التنظيم". سمع الطالب سامي هذه المعلومة أثناء الدرس، لكنه لم يخبر زميله كريم الذي لم يكن حاضرًا. كريم يعتقد أن هذا العنصر هو "رأس المال".,,D,الأرض( الموارد الطبيعية),العمل,راس المال,التنظيم,,0
11096,11095,http://www.aun.edu.eg/commerce/sites/default/files/pdf/Question/Question-bank-2021-a1-9.pdf,Egypt,Social Science,Economics,Univ,راس المال الحقيقي هو مورد اقتصادي يسهم بخدماته في الإنتاج مثل الآلات والمعدات والمباني.,كان المعلم يشرح في درس الاقتصاد أن رأس المال الحقيقي هو مورد اقتصادي يسهم بخدماته في الإنتاج مثل الآلات والمعدات والمباني. سمع الطالب علي هذه المعلومة أثناء الدرس، لكنه لم يخبر زميله حسن الذي لم يكن حاضرًا. حسن يعتقد أن رأس المال الحقيقي يتعلق فقط بالمال النقدي المتداول.,,A,عبارة صحيحة,عبارة خاطئة,,,,0
11097,11096,http://www.aun.edu.eg/commerce/sites/default/files/pdf/Question/Question-bank-2021-a1-9.pdf,Egypt,Social Science,Economics,Univ,النقاط الواقعة علي منحني إمكانات الإنتاج هى نقاط,كان المعلم يشرح في درس الاقتصاد أن النقاط الواقعة على منحنى إمكانات الإنتاج تمثل "إنتاجًا مثاليًا". سمع الطالب محمد هذه المعلومة أثناء الدرس، لكنه لم يخبر زميله أحمد الذي لم يكن حاضرًا. أحمد يعتقد أن النقاط الواقعة على منحنى إمكانات الإنتاج تمثل "إنتاجًا غير مثالي".,,B,إنتاج غير مثلى,إنتاج مثلى,خارج الامكانات,لا توجد إجابة,,0
11098,11097,http://www.aun.edu.eg/commerce/sites/default/files/pdf/Question/Question-bank-2021-a1-9.pdf,Egypt,Social Science,Economics,Univ,الطلب يعني,كان المعلم يشرح في درس الاقتصاد أن "الطلب" يعني توافر الرغبة والقوة الشرائية معًا. سمع الطالب كريم هذه المعلومة أثناء الدرس، لكنه لم يخبر زميله أحمد الذي لم يكن حاضرًا. أحمد يعتقد أن "الطلب" يعني فقط توافر الرغبة في الشراء.,,C,الرغبة في الشراء فقط,توافر القوة الشرائية فقط,توافر الرغبة والقوة الشرائية معا,لا توجد اجابة,,0
11099,11098,http://www.aun.edu.eg/commerce/sites/default/files/pdf/Question/Question-bank-2021-a1-9.pdf,Egypt,Social Science,Economics,Univ,العلاقة بين الكمية المطلوبة من سلعة ما وسعر السلعة المكملة لها بافتراض ثبات العوامل الأخرى,كان المعلم يشرح في درس الاقتصاد أن العلاقة بين الكمية المطلوبة من سلعة ما وسعر السلعة المكملة لها هي علاقة عكسية، بمعنى أنه إذا ارتفع سعر السلعة المكملة، فإن الكمية المطلوبة من السلعة الأخرى تنخفض. سمع الطالب يوسف هذه المعلومة أثناء الدرس، لكنه لم يخبر زميله كريم الذي لم يكن حاضرًا. كريم يعتقد أن العلاقة بين الكمية المطلوبة وسعر السلع المكملة هي علاقة طردية.,,B,طردية,عكسية,ثابتة,لا توجد علاقة,,0
11100,11099,http://www.aun.edu.eg/commerce/sites/default/files/pdf/Question/Question-bank-2021-a1-9.pdf,Egypt,Social Science,Economics,Univ,لانتقال من نقطة لآخري علي نفس منحني الطلب يحدث بسبب التغير في,كان المعلم يشرح في درس الاقتصاد أن الانتقال من نقطة لأخرى على نفس منحنى الطلب يحدث بسبب التغير في سعر السلعة، أي أنه إذا تغير السعر، ستتغير الكمية المطلوبة. سمع الطالب مصطفى هذه المعلومة أثناء الدرس، لكنه لم يخبر زميله محمود الذي لم يكن حاضرًا. محمود يعتقد أن الانتقال على منحنى الطلب يحدث بسبب التغير في دخل المستهلك.,,B,دخل المستهلك,سعر السلعة,عدد السكان,اذواق المستهلكين,,0
11101,11100,http://www.aun.edu.eg/commerce/sites/default/files/pdf/Question/Question-bank-2021-a1-9.pdf,Egypt,Social Science,Economics,Univ,من العوامل التي لا تؤدي لانتقال منحني العرض,كان المعلم يشرح في درس الاقتصاد أن العوامل التي تؤدي إلى انتقال منحنى العرض تشمل الضرائب على الإنتاج، أسعار السلع الأخرى (المكملة والبديلة)، وتكاليف الإنتاج. سمع الطالب أحمد هذه المعلومة أثناء الدرس، لكنه لم يخبر زميله خالد الذي لم يكن حاضرًا. خالد يعتقد أن ثمن السلعة هو العامل الذي لا يؤدي إلى انتقال منحنى العرض.,,D,الضرائب علي الانتاجه,اسعار السلع الاخري (مكملة وبديلة).,تكاليف الانتاج,ثمن السلعة,,0
11102,11101,http://www.aun.edu.eg/commerce/sites/default/files/pdf/Question/Question-bank-2021-a2-16.pdf,Egypt,Social Science,Economics,Univ,یعرف الخطر بأنه:,كان المعلم يشرح في درس الاقتصاد أن الخطر يُعرّف على أنه "حالة من عدم التأكد تلازم متخذ القرار فتسبب له القلق والخوف". سمع الطالب يوسف هذه المعلومة أثناء الدرس، لكنه لم يخبر زميله سامي الذي لم يكن حاضرًا. سامي يعتقد أن الخطر هو "الخسارة الناتجة من تحقق حادث معين".,,A,حالة من عدم التأكد تلازم متخذ القرا فتسبب له القلق و الخوف,الخسارة الناتجة من تحقق حادث معین,التحقق المادى لظاهرة معینة.,لیس أیا مما سبق,,0
11103,11102,http://www.aun.edu.eg/commerce/sites/default/files/pdf/Question/Question-bank-2021-a2-16.pdf,Egypt,Social Science,Economics,Univ,عناصر الخطر,كان المعلم يشرح في درس الاقتصاد أن عناصر الخطر تشمل الاحتمالية، المفاجأة، والخسارة. سمع الطالب عادل هذه المعلومة أثناء الدرس، لكنه لم يخبر زميله كريم الذي لم يكن حاضرًا. كريم يعتقد أن عناصر الخطر هي "الاحتمالية والخسارة فقط".,,D,الاحتمالیة,المفاجأة,الخسارة,كل ما سبق,,0
11104,11103,http://www.aun.edu.eg/commerce/sites/default/files/pdf/Question/Question-bank-2021-a2-16.pdf,Egypt,Social Science,Economics,Univ,یقصد ب الخسارة المالیة,كان المعلم يشرح في درس الاقتصاد أن الخسارة المالية تعني "النقص في الدخل أو في قيمة الممتلكات نتيجة تحقق حادث طارئ". سمع الطالب حسين هذه المعلومة أثناء الدرس، لكنه لم يخبر زميله عماد الذي لم يكن حاضرًا. عماد يعتقد أن الخسارة المالية تعني "الحزن والألم".,,B,الحزن والألم,النقص في الدخل أو في قیمة الممتلكات نتیجة تحقق حادث طارئ,الزیادة في الدخل أو في قیمة الممتلكات,كل مت سبق,,0
11105,11104,http://www.aun.edu.eg/commerce/sites/default/files/pdf/Question/Question-bank-2021-a2-16.pdf,Egypt,Social Science,Economics,Univ,من أمثلة الخسارة المعنویة,كان المعلم يشرح في درس الاقتصاد أن من أمثلة الخسارة المعنوية هي "الحزن والألم" الناتج عن وقوع حوادث معينة. سمع الطالب مصطفى هذه المعلومة أثناء الدرس، لكنه لم يخبر زميله سامي الذي لم يكن حاضرًا. سامي يعتقد أن الخسارة المعنوية تعني "الوفاة وطول البقاء على قيد الحياة".,,C,الحریق والانفجار,الوفاة وطول البقاء على فید الحیاة,الحزن والألم,الزلازل و البراكین,,0
11106,11105,http://www.aun.edu.eg/commerce/sites/default/files/pdf/Question/Question-bank-2021-a2-16.pdf,Egypt,Social Science,Economics,Univ,من أمثلة الأخطار الطبیعیة,كان المعلم يشرح في درس الاقتصاد أن الأخطار الطبيعية تشمل مجموعة من الحوادث الطبيعية مثل "الزلازل والبراكين"، و"الحريق والانفجار" الذي قد يحدث نتيجة لأسباب طبيعية. سمع الطالب أحمد هذه المعلومة أثناء الدرس، لكنه لم يخبر زميله علي الذي لم يكن حاضرًا. علي يعتقد أن الأخطار الطبيعية تشمل فقط "الزلازل والبراكين".,,D,الحریق والانفجار,الوفاة وطول البقاء على فید الحیاة,الزلازل والبراكین,كل ما سبق,,0
11107,11106,http://www.aun.edu.eg/commerce/sites/default/files/pdf/Question/Question-bank-2021-a2-16.pdf,Egypt,Social Science,Economics,Univ,تعرف أخطار المضاربة بأنها,كان المعلم يشرح في درس الاقتصاد أن أخطار المضاربة هي الأخطار التي يتسبب في نشأتها الإنسان بنفسه، بهدف تحقيق مكاسب مالية، ولكنه قد يتعرض فيها لخسارة مالية. سمع الطالب خالد هذه المعلومة أثناء الدرس، لكنه لم يخبر زميله يوسف الذي لم يكن حاضرًا. يوسف يعتقد أن أخطار المضاربة تعني "الخسارة المالية الناتجة عن حدث طبيعي".,,B,هى التى یتعرض لها الانسان و یكون ناتج تحققها خسارة مالیة دائما,هى التى یتسبب فى نشأتها ظواهر یخلقها الانسان بنفسه ولنفسه بفرض الأمل فى تحقیق مكاسب مالیة,هى النقص الكلي أو الجزئي في الدخل أو في قیمة الممتلكات,كل ما سبق,,0
11108,11107,http://www.aun.edu.eg/commerce/sites/default/files/pdf/Question/Question-bank-2021-a2-16.pdf,Egypt,Social Science,Economics,Univ,من أمثلة اخطار المضاربة,كان المعلم يشرح في درس الاقتصاد أن من أمثلة أخطار المضاربة هي الأعمال التجارية والصناعية وأعمال الخدمات، بالإضافة إلى المقامرة والمضاربة. سمع الطالب وليد هذه المعلومة أثناء الدرس، لكنه لم يخبر زميله مصطفى الذي لم يكن حاضرًا. مصطفى يعتقد أن أمثلة أخطار المضاربة تشمل "حوادث السيارات".,,A,الأعمال التجاریة والصناعیة وأعمال الخدمات وأعمال المقامرة والمضاربة,حوادث السیارات,الزلازل والسیول,لیس أیا مما سبق,,0
11109,11108,http://www.aun.edu.eg/commerce/sites/default/files/pdf/Question/Question-bank-2021-a2-16.pdf,Egypt,Social Science,Economics,Univ,تعرف الأخطار البحتة بأنها,كان المعلم يشرح في درس الاقتصاد أن الأخطار البحتة هي الأخطار التي يتسبب فيها حدوث ظواهر طبيعية ليس للإنسان دخل في تحققها. سمع الطالب سامي هذه المعلومة أثناء الدرس، لكنه لم يخبر زميله كريم الذي لم يكن حاضرًا. كريم يعتقد أن الأخطار البحتة هي "الأعمال التجارية والصناعية".,,B,الأعمال التجاریة والصناعیة وأعمال الخدمات وأعمال المقامرة والمضاربة,الأخطار التى یتسبب عنها ظواهر طبیعیة لیس للانسان دخل فى تحققها,الخسائر الكلیة,الخسائر الجزئیة,,0
11110,11109,http://www.aun.edu.eg/commerce/sites/default/files/pdf/Question/Question-bank-2021-a2-16.pdf,Egypt,Social Science,Economics,Univ,مسببات الخطر تتمثل فى,كان المعلم يشرح في درس الاقتصاد أن مسببات الخطر يمكن أن تتمثل في عدة عوامل، مثل المسببات الطبيعية، والمسببات الذاتية، والمسببات الشخصية. سمع الطالب علي هذه المعلومة أثناء الدرس، لكنه لم يخبر زميله أحمد الذي لم يكن حاضرًا. أحمد يعتقد أن مسببات الخطر هي فقط "المسببات الطبيعية".,,D,المسببات طبیعیة,المسببات الذاتیة,المسببات الشخصیة,كل ما سبق,,0
11111,11110,http://www.aun.edu.eg/commerce/sites/default/files/pdf/Question/Question-bank-2021-a2-16.pdf,Egypt,Social Science,Economics,Univ,من أمثلة العوامل الفنیة الذاتیة,كان المعلم يشرح في درس الاقتصاد أن العوامل الفنية الذاتية تشمل عوامل تتعلق بالأشخاص أو سلوكياتهم التي قد تساهم في حدوث الخطر. سمع الطالب يوسف هذه المعلومة أثناء الدرس، لكنه لم يخبر زميله علي الذي لم يكن حاضرًا. علي يعتقد أن العوامل الفنية الذاتية تتعلق فقط بالبيئة المحيطة مثل "وجود مبنى من الأخشاب".,,A,وجود مبنى من الأخشاب بالنسبة لخطر الحریق,التدخین,رعونة قائد السیارة بالنسبة لحوادث السیارات,تعمد أحداث الحریق,,0
11112,11111,http://www.aun.edu.eg/commerce/sites/default/files/pdf/Question/Question-bank-2021-a2-16.pdf,Egypt,Social Science,Economics,Univ,تعرف أخطار الأشخاص بأنها,كان المعلم يشرح في درس الاقتصاد أن أخطار الأشخاص هي تلك التي تؤثر مباشرة على الفرد نفسه في دخله المادي. سمع الطالب هشام هذه المعلومة أثناء الدرس، لكنه لم يخبر زميله سامي الذي لم يكن حاضرًا. سامي يعتقد أن أخطار الأشخاص هي "الأخطار التي تؤدي إلى تلف الأصل".,,C,أخطار لو حدثت ینتج عنها خسارة مادیة نتیجة لهلاك الأصل أو تلفه,أخطار لو حدثت تسبب نقص القدرة على استخدام الأصل بكفاءة عالیة,أخطار لو حدثت تصیب الفرد نفسه مباشرة فى دخله المادى,كل ما سبق,,0
11113,11112,http://www.aun.edu.eg/commerce/sites/default/files/pdf/Question/Question-bank-2021-a2-16.pdf,Egypt,Social Science,Economics,Univ,تعرف أخطار الممتلكات بأنها,كان المعلم يشرح في درس الاقتصاد أن أخطار الممتلكات هي تلك التي تحدث نتيجة لهلاك الأصل أو تلفه، مما يؤدي إلى خسارة مادية. سمع الطالب محمد هذه المعلومة أثناء الدرس، لكنه لم يخبر زميله كريم الذي لم يكن حاضرًا. كريم يعتقد أن أخطار الممتلكات تتعلق بتسبّب الفرد في مسؤولياته المدنية تجاه الآخرين.,,A,أخطار لو حدثت ینتج عنها خسارة مادیة نتیجة لهلاك الأصل أو تلفه,أخطار لو حدثت تسبب الفرد فى مسئولیتع المدنیة تجاه الغیر,أخطار لو حدثت تصیب الفرد نفسه مباشرة فى دخله المادى,كل ما سبق,,0
11114,11113,http://www.aun.edu.eg/commerce/sites/default/files/pdf/Question/Question-bank-2021-a2-16.pdf,Egypt,Social Science,Economics,Univ,تعرف إدارة الخطر بأنها,كان المعلم يشرح في درس الاقتصاد أن إدارة الخطر هي نشاط إداري يهدف إلى التحكم في الخطر. سمع الطالب أحمد هذه المعلومة أثناء الدرس، لكنه لم يخبر زميله كريم الذي لم يكن حاضرًا. كريم يعتقد أن إدارة الخطر هي "نشاط محاسبي يهدف إلى ترسيد التكاليف".,,B,نشاط محاسبى یهدف إلى ترسید التكالیف,نشاط إداري یهدف إلى التحكم في الخطر,خطة انتاجیة تهدف ىإلى تعظیم الربح,كل مت سبق,,0
11115,11114,http://www.aun.edu.eg/commerce/sites/default/files/pdf/Question/Question-bank-2021-a2-16.pdf,Egypt,Social Science,Economics,Univ,الهدف من إدارة الخطر,كان المعلم يشرح في درس الاقتصاد أن الهدف من إدارة الخطر هو تقليل عدد مرات وقوعه وتقليل حجم الخسارة الناتجة من تحقق الخطر. سمع الطالب يوسف هذه المعلومة أثناء الدرس، لكنه لم يخبر زميله عماد الذي لم يكن حاضرًا. عماد يعتقد أن الهدف من إدارة الخطر هو "منع وقوع الخطر تمامًا".,,D,منع وقوع الخطر,تقلیل عدد مرات وقوعه خلال فترة زمنیة محددة,تقلیل حجم الخسارة النلتجة من تحقق الخطر,كل ما سلق,,0
11116,11115,http://www.aun.edu.eg/commerce/sites/default/files/pdf/Question/Question-bank-2021-a2-16.pdf,Egypt,Social Science,Economics,Univ,تتمثل مكامن الخطر الداخلیة فى: (i(أسعار الصرف والائتمان والتغیر التكنولوجى فى الصناعة. (ii (ظروف تشغیل ولوائح المنشأة,كان المعلم يشرح في درس الاقتصاد أن مكامن الخطر الداخلية تتمثل في ظروف التشغيل ولوائح المنشأة فقط. سمع الطالب خالد هذه المعلومة أثناء الدرس، لكنه لم يخبر زميله سامي الذي لم يكن حاضرًا. سامي يعتقد أن مكامن الخطر الداخلية تتعلق فقط بـ "أسعار الصرف والائتمان والتغير التكنولوجي في الصناعة".,,B,(i (فقط.,(ii (فقط.,كل من (i (و (ii (,لیس أیا مما سبق.,,0
